vendor,category,name,sku,price,unit,brand,url,image,scrape_date
Adams Building Supply,Treated Lumber,1X1X8 NAILING STRIP PT BROWN,1108PTB,CAD 3.32,/ EA,Own Brand,https://www.adamsbuildingsupply.com/1x1x8-nailing-strip-pt-brown,https://us.evocdn.io/dealer/1405/catalog/product/images/1108NS.jpg,2026-01-10 16:32:26.441947
Adams Building Supply,Treated Lumber,1 X 6 -04 PT BROWN,1604PTB,CAD 3.99,/ EA,Own Brand,https://www.adamsbuildingsupply.com/1-x-6-04-pt-brown,https://us.evocdn.io/dealer/1405/catalog/product/images/1X6FENCEPT.jpg,2026-01-10 16:32:26.523949
Adams Building Supply,Treated Lumber,1 X 6 -05 PT BROWN,1605PTB,CAD 3.93,/ EA,Own Brand,https://www.adamsbuildingsupply.com/1-x-6-05-pt-brown,https://us.evocdn.io/dealer/1405/catalog/product/images/1X6FENCEPT.jpg,2026-01-10 16:32:26.590945
Adams Building Supply,Treated Lumber,1 X 6 -06 PT BROWN,1606PTB,CAD 4.73,/ EA,Own Brand,https://www.adamsbuildingsupply.com/1-x-6-06-pt-brown,https://us.evocdn.io/dealer/1405/catalog/product/images/1X6FENCEPT.jpg,2026-01-10 16:32:26.658947
Adams Building Supply,Treated Lumber,1 X 6 -07 PT BROWN,1607PTB,CAD 5.59,/ EA,Own Brand,https://www.adamsbuildingsupply.com/1-x-6-07-pt-brown,https://us.evocdn.io/dealer/1405/catalog/product/images/1X6FENCEPT.jpg,2026-01-10 16:32:26.729949
Adams Building Supply,Treated Lumber,1 X 6 -08 PT BROWN,1608PTB,CAD 6.30,/ EA,Own Brand,https://www.adamsbuildingsupply.com/1-x-6-08-pt-brown,https://us.evocdn.io/dealer/1405/catalog/product/images/1X6FENCEPT.jpg,2026-01-10 16:32:26.843947
Adams Building Supply,Treated Lumber,1 X 8 PRIVACY PLUS PT BROWN LATTICE,18PPPTB,CAD 11.89,/ EA,Own Brand,https://www.adamsbuildingsupply.com/1-x-8-privacy-plus-pt-brown-lattice,https://www.adamsbuildingsupply.com/img/picture-100.png,2026-01-10 16:32:26.948271
Adams Building Supply,Treated Lumber,1X8 PRIVACY PT BROWN LATTICE,18PRLATPTB,,,Own Brand,https://www.adamsbuildingsupply.com/1x8-privacy-pt-brown-lattice,https://www.adamsbuildingsupply.com/img/picture-100.png,2026-01-10 16:32:27.078314
Adams Building Supply,Treated Lumber,2 X 10 -0 Pressure Treated Sienna Brown,21008PTB,CAD 23.92,/ EA,Own Brand,https://www.adamsbuildingsupply.com/pressure-treated-sienna-brown--14,https://us.evocdn.io/dealer/1405/catalog/product/images/210PTB.jpg,2026-01-10 16:32:27.177361
Adams Building Supply,Treated Lumber,2 X 10 -1 Pressure Treated Sienna Brown,21010PTB,CAD 29.90,/ EA,Own Brand,https://www.adamsbuildingsupply.com/pressure-treated-sienna-brown--15,https://us.evocdn.io/dealer/1405/catalog/product/images/210PTB.jpg,2026-01-10 16:32:27.288361
Adams Building Supply,Treated Lumber,2 X 10 -1 Pressure Treated Sienna Brown,21012PTB,CAD 35.88,/ EA,Own Brand,https://www.adamsbuildingsupply.com/pressure-treated-sienna-brown--16,https://us.evocdn.io/dealer/1405/catalog/product/images/210PTB.jpg,2026-01-10 16:32:27.351461
Adams Building Supply,Treated Lumber,2 X 10 -1 Pressure Treated Sienna Brown,21014PTB,CAD 42.06,/ EA,Own Brand,https://www.adamsbuildingsupply.com/pressure-treated-sienna-brown--17,https://us.evocdn.io/dealer/1405/catalog/product/images/210PTB.jpg,2026-01-10 16:32:27.421083
Adams Building Supply,Treated Lumber,2 X 10 -1 Pressure Treated Sienna Brown,21016PTB,CAD 47.84,/ EA,Own Brand,https://www.adamsbuildingsupply.com/pressure-treated-sienna-brown--18,https://us.evocdn.io/dealer/1405/catalog/product/images/210PTB.jpg,2026-01-10 16:32:27.489961
Adams Building Supply,Treated Lumber,2 X 12 -1 Pressure Treated Sienna Brown,21212PTB,CAD 49.44,/ EA,Own Brand,https://www.adamsbuildingsupply.com/pressure-treated-sienna-brown--19,https://us.evocdn.io/dealer/1405/catalog/product/images/212PTB.jpg,2026-01-10 16:32:27.569293
Adams Building Supply,Treated Lumber,2 X 12 -1 Pressure Treated Sienna Brown,21216PTB,CAD 65.92,/ EA,Own Brand,https://www.adamsbuildingsupply.com/pressure-treated-sienna-brown--20,https://us.evocdn.io/dealer/1405/catalog/product/images/212PTB.jpg,2026-01-10 16:32:27.639745
Adams Building Supply,Treated Lumber,"2X2X36"" BEV. BALUSTER PT BROWN",2236BBPTB,CAD 2.16,/ EA,Own Brand,https://www.adamsbuildingsupply.com/2x2x36-bev-baluster-pt-brown,https://www.adamsbuildingsupply.com/img/picture-100.png,2026-01-10 16:32:27.725640
Adams Building Supply,Treated Lumber,"2X2X42"" BEV BALUSTER PT BROWN",2242BEVPTB,CAD 2.50,/ EA,Own Brand,https://www.adamsbuildingsupply.com/2x2x42-bev-baluster-pt-brown,https://www.adamsbuildingsupply.com/img/picture-100.png,2026-01-10 16:32:27.820136
Adams Building Supply,Treated Lumber,"2X2X48"" BEV. BALUSTER PT BROWN",2248BEVPTB,CAD 2.87,/ EA,Own Brand,https://www.adamsbuildingsupply.com/2x2x48-bev-baluster-pt-brown,https://www.adamsbuildingsupply.com/img/picture-100.png,2026-01-10 16:32:27.897358
Adams Building Supply,Treated Lumber,2 X 4 - 08 GROOVED PT BROWN,2408GPTB,CAD 11.97,/ EA,Own Brand,https://www.adamsbuildingsupply.com/2-x-4-08-grooved-pt-brown,https://us.evocdn.io/dealer/1405/catalog/product/images/2408GROOVED.jpg,2026-01-10 16:32:27.971401
Adams Building Supply,Treated Lumber,2 X 4 -08 PT BROWN,2408PTB,CAD 7.49,/ EA,Own Brand,https://www.adamsbuildingsupply.com/2-x-4-08-pt-brown,https://us.evocdn.io/dealer/1405/catalog/product/images/2408PTB.jpg,2026-01-10 16:32:28.047219
Adams Building Supply,Treated Lumber,2 X 4 -10 Pressure Treated Sienna Brown,2410PTB,CAD 9.36,/ EA,Own Brand,https://www.adamsbuildingsupply.com/pressure-treated-sienna-brown--1,https://us.evocdn.io/dealer/1405/catalog/product/images/24PTB.jpg,2026-01-10 16:32:28.115793
Adams Building Supply,Treated Lumber,2 X 4 -12 Pressure Treated Sienna Brown,2412PTB,CAD 11.24,/ EA,Own Brand,https://www.adamsbuildingsupply.com/pressure-treated-sienna-brown--2,https://us.evocdn.io/dealer/1405/catalog/product/images/24PTB.jpg,2026-01-10 16:32:28.210685
Adams Building Supply,Treated Lumber,2 X 4 -14 Pressure Treated Sienna Brown,2414PTB,CAD 13.93,/ EA,Own Brand,https://www.adamsbuildingsupply.com/pressure-treated-sienna-brown--3,https://us.evocdn.io/dealer/1405/catalog/product/images/24PTB.jpg,2026-01-10 16:32:28.267359
Adams Building Supply,Treated Lumber,2 X 4 -16 Pressure Treated Sienna Brown,2416PTB,CAD 14.98,/ EA,Own Brand,https://www.adamsbuildingsupply.com/pressure-treated-sienna-brown--4,https://us.evocdn.io/dealer/1405/catalog/product/images/24PTB.jpg,2026-01-10 16:32:28.346251
Adams Building Supply,Treated Lumber,2 X 6 -08 Pressure Treated Sienna Brown,2608PTB,CAD 12.86,/ EA,Own Brand,https://www.adamsbuildingsupply.com/pressure-treated-sienna-brown--5,https://us.evocdn.io/dealer/1405/catalog/product/images/26PTB.jpg,2026-01-10 16:32:28.414927
Adams Building Supply,Treated Lumber,2X6X8' T&G PRESSURE TREATED PT,2608TGPT,,,Own Brand,https://www.adamsbuildingsupply.com/2x6x8-t-and-g-pressure-treated-pt,https://www.adamsbuildingsupply.com/img/picture-100.png,2026-01-10 16:32:28.475299
Adams Building Supply,Treated Lumber,2 X 6 -10 Pressure Treated Sienna Brown,2610PTB,CAD 16.07,/ EA,Own Brand,https://www.adamsbuildingsupply.com/pressure-treated-sienna-brown--6,https://us.evocdn.io/dealer/1405/catalog/product/images/26PTB.jpg,2026-01-10 16:32:28.560734
Adams Building Supply,Treated Lumber,2X6X10' T&G PT BROWN,2610TGMSB,CAD 20.78,/ EA,Own Brand,https://www.adamsbuildingsupply.com/2x6x10-t-and-g-pt-brown,https://www.adamsbuildingsupply.com/img/picture-100.png,2026-01-10 16:32:28.630067
Adams Building Supply,Treated Lumber,2 X 6 -12 Pressure Treated Sienna Brown,2612PTB,CAD 19.28,/ EA,Own Brand,https://www.adamsbuildingsupply.com/pressure-treated-sienna-brown--7,https://us.evocdn.io/dealer/1405/catalog/product/images/26PTB.jpg,2026-01-10 16:32:28.717825
Adams Building Supply,Treated Lumber,2X6X12' T&G PT BROWN,2612TGMSB,CAD 24.95,/ EA,Own Brand,https://www.adamsbuildingsupply.com/2x6x12-t-and-g-pt-brown--1,https://www.adamsbuildingsupply.com/img/picture-100.png,2026-01-10 16:32:28.787514
Adams Building Supply,Treated Lumber,2 X 6 -12 T&G PT BROWN,2612TGPT,CAD 24.95,/ EA,Own Brand,https://www.adamsbuildingsupply.com/2-x-6-12-t-and-g-pt-brown,https://www.adamsbuildingsupply.com/img/picture-100.png,2026-01-10 16:32:28.849580
Adams Building Supply,Treated Lumber,2X6X12' T&G PT BROWN,2612TGPT2,CAD 24.95,/ EA,Own Brand,https://www.adamsbuildingsupply.com/2x6x12-t-and-g-pt-brown,https://www.adamsbuildingsupply.com/img/picture-100.png,2026-01-10 16:32:28.919367
Adams Building Supply,Treated Lumber,2 X 6 -14 Pressure Treated Sienna Brown,2614PTB,CAD 22.93,/ EA,Own Brand,https://www.adamsbuildingsupply.com/pressure-treated-sienna-brown--8,https://us.evocdn.io/dealer/1405/catalog/product/images/26PTB.jpg,2026-01-10 16:32:29.002838
Adams Building Supply,Treated Lumber,2X6X14' T&G PT BROWN,2614TGMSB,CAD 29.09,/ EA,Own Brand,https://www.adamsbuildingsupply.com/2x6x14-t-and-g-pt-brown,https://www.adamsbuildingsupply.com/img/picture-100.png,2026-01-10 16:32:29.065012
Adams Building Supply,Treated Lumber,2 X 6 -16 Pressure Treated Sienna Brown,2616PTB,CAD 25.71,/ EA,Own Brand,https://www.adamsbuildingsupply.com/pressure-treated-sienna-brown--9,https://us.evocdn.io/dealer/1405/catalog/product/images/26PTB.jpg,2026-01-10 16:32:29.134200
Adams Building Supply,Treated Lumber,2X6X16' T&G PT BROWN,2616TGMSB,CAD 33.12,/ EA,Own Brand,https://www.adamsbuildingsupply.com/2x6x16-t-and-g-pt-brown,https://www.adamsbuildingsupply.com/img/picture-100.png,2026-01-10 16:32:29.209843
Adams Building Supply,Treated Lumber,2 X 6 -16 T&G PT BROWN,2616TGPTB,CAD 33.28,/ EA,Own Brand,https://www.adamsbuildingsupply.com/2-x-6-16-t-and-g-pt-brown,https://www.adamsbuildingsupply.com/img/picture-100.png,2026-01-10 16:32:36.963080
Adams Building Supply,Treated Lumber,2 X 8 -08 Pressure Treated Sienna Brown,2808PTB,CAD 17.88,/ EA,Own Brand,https://www.adamsbuildingsupply.com/pressure-treated-sienna-brown--10,https://us.evocdn.io/dealer/1405/catalog/product/images/28PTB.jpg,2026-01-10 16:32:37.033080
Adams Building Supply,Treated Lumber,2 X 8 -10 Pressure Treated Sienna Brown,2810PTB,CAD 22.36,/ EA,Own Brand,https://www.adamsbuildingsupply.com/pressure-treated-sienna-brown,https://us.evocdn.io/dealer/1405/catalog/product/images/28PTB.jpg,2026-01-10 16:32:37.101078
Adams Building Supply,Treated Lumber,2 X 8 -12 Pressure Treated Sienna Brown,2812PTB,CAD 26.83,/ EA,Own Brand,https://www.adamsbuildingsupply.com/pressure-treated-sienna-brown--11,https://us.evocdn.io/dealer/1405/catalog/product/images/28PTB.jpg,2026-01-10 16:32:37.168078
Adams Building Supply,Treated Lumber,2 X 8 -14 Pressure Treated Sienna Brown,2814PTB,CAD 32.48,/ EA,Own Brand,https://www.adamsbuildingsupply.com/pressure-treated-sienna-brown--12,https://us.evocdn.io/dealer/1405/catalog/product/images/28PTB.jpg,2026-01-10 16:32:37.239078
Adams Building Supply,Treated Lumber,2 X 8 -16 Pressure Treated Sienna Brown,2816PTB,CAD 35.78,/ EA,Own Brand,https://www.adamsbuildingsupply.com/pressure-treated-sienna-brown--13,https://us.evocdn.io/dealer/1405/catalog/product/images/28PTB.jpg,2026-01-10 16:32:37.307077
Adams Building Supply,Treated Lumber,2 X 8 PRIVACY PLUS PT BROWN LATTICE,28PPPTB,CAD 23.98,/ EA,Own Brand,https://www.adamsbuildingsupply.com/2-x-8-privacy-plus-pt-brown-lattice,https://www.adamsbuildingsupply.com/img/picture-100.png,2026-01-10 16:32:37.374079
Adams Building Supply,Treated Lumber,2X8 PRIVACY PT BROWN LATTICE,28PRLATPTB,,,Own Brand,https://www.adamsbuildingsupply.com/2x8-privacy-pt-brown-lattice,https://www.adamsbuildingsupply.com/img/picture-100.png,2026-01-10 16:32:37.432079
Adams Building Supply,Treated Lumber,2 STEP STRINGER PT BROWN,2SSPTB,CAD 19.98,/ EA,Own Brand,https://www.adamsbuildingsupply.com/2-step-stringer-pt-brown,https://www.adamsbuildingsupply.com/img/picture-100.png,2026-01-10 16:32:37.498077
Adams Building Supply,Treated Lumber,3 STEP STRINGER PT BROWN,3SSPTB,CAD 23.38,/ EA,Own Brand,https://www.adamsbuildingsupply.com/3-step-stringer-pt-brown,https://www.adamsbuildingsupply.com/img/picture-100.png,2026-01-10 16:32:37.565080
Adams Building Supply,Treated Lumber,4 X 4 - 08 PT BROWN,4408PTB,CAD 16.60,/ EA,Own Brand,https://www.adamsbuildingsupply.com/4-x-4-08-pt-brown,https://us.evocdn.io/dealer/1405/catalog/product/images/4X4POSTPTB.jpg,2026-01-10 16:32:37.633080
Adams Building Supply,Treated Lumber,4 X 4 - 10 PT BROWN,4410PTB,CAD 20.75,/ EA,Own Brand,https://www.adamsbuildingsupply.com/4-x-4-10-pt-brown,https://us.evocdn.io/dealer/1405/catalog/product/images/4X4POSTPTB.jpg,2026-01-10 16:32:37.699077
Adams Building Supply,Treated Lumber,4 X 4 - 12 PT BROWN,4412PTB,CAD 24.89,/ EA,Own Brand,https://www.adamsbuildingsupply.com/4-x-4-12-pt-brown,https://us.evocdn.io/dealer/1405/catalog/product/images/4X4POSTPTB.jpg,2026-01-10 16:32:37.777077
Adams Building Supply,Treated Lumber,4 X 4 - 14 PT BROWN,4414PTB,CAD 29.74,/ EA,Own Brand,https://www.adamsbuildingsupply.com/4-x-4-14-pt-brown,https://us.evocdn.io/dealer/1405/catalog/product/images/4X4POSTPTB.jpg,2026-01-10 16:32:37.855078
Adams Building Supply,Treated Lumber,4 X 4 - 16 PT BROWN,4416PTB,CAD 33.98,/ EA,Own Brand,https://www.adamsbuildingsupply.com/4-x-4-16-pt-brown,https://us.evocdn.io/dealer/1405/catalog/product/images/4X4POSTPTB.jpg,2026-01-10 16:32:37.926078
Adams Building Supply,Treated Lumber,4 X 8 PRIVACY PLUS PT BROWN LATTICE,48PPPTB,CAD 44.98,/ EA,Own Brand,https://www.adamsbuildingsupply.com/4-x-8-privacy-plus-pt-brown-lattice,https://www.adamsbuildingsupply.com/img/picture-100.png,2026-01-10 16:32:37.999080
Adams Building Supply,Treated Lumber,4X8 PRIVACY PT BROWN LATTICE,48PRLATPTB,,,Own Brand,https://www.adamsbuildingsupply.com/4x8-privacy-pt-brown-lattice,https://www.adamsbuildingsupply.com/img/picture-100.png,2026-01-10 16:32:38.056079
Adams Building Supply,Treated Lumber,4X8 PRIVACY PT BROWN LATTICE,48PTLATPTB,,,Own Brand,https://www.adamsbuildingsupply.com/4x8-privacy-pt-brown-lattice--1,https://www.adamsbuildingsupply.com/img/picture-100.png,2026-01-10 16:32:38.115079
Adams Building Supply,Treated Lumber,4 X 8 SQUARE LATTICE PT BROWN,48SQPTB,CAD 59.99,/ EA,Own Brand,https://www.adamsbuildingsupply.com/4-x-8-square-lattice-pt-brown,https://www.adamsbuildingsupply.com/img/picture-100.png,2026-01-10 16:32:38.181079
Adams Building Supply,Treated Lumber,4 STEP STRINGER PT BROWN,4SSPTB,CAD 32.04,/ EA,Own Brand,https://www.adamsbuildingsupply.com/4-step-stringer-pt-brown,https://www.adamsbuildingsupply.com/img/picture-100.png,2026-01-10 16:32:38.249077
Adams Building Supply,Treated Lumber,5/4 X 6 - 08 DECKING PT BROWN,54608PTB,CAD 9.07,/ EA,Own Brand,https://www.adamsbuildingsupply.com/5-4-x-6-08-decking-pt-brown,https://us.evocdn.io/dealer/1405/catalog/product/images/DECKBOARDPTB.jpg,2026-01-10 16:32:38.317077
Adams Building Supply,Treated Lumber,5/4 X 6 - 10 DECKING PT BROWN,54610PTB,CAD 11.34,/ EA,Own Brand,https://www.adamsbuildingsupply.com/5-4-x-6-10-decking-pt-brown,https://us.evocdn.io/dealer/1405/catalog/product/images/DECKBOARDPTB.jpg,2026-01-10 16:32:38.384079
Adams Building Supply,Treated Lumber,5/4 X 6 - 12 DECKING PT BROWN,54612PTB,CAD 13.60,/ EA,Own Brand,https://www.adamsbuildingsupply.com/5-4-x-6-12-decking-pt-brown,https://us.evocdn.io/dealer/1405/catalog/product/images/DECKBOARDPTB.jpg,2026-01-10 16:32:38.451082
Adams Building Supply,Treated Lumber,5/4 X 6 - 14 DECKING PT BROWN,54614PTB,CAD 15.26,/ EA,Own Brand,https://www.adamsbuildingsupply.com/5-4-x-6-14-decking-pt-brown,https://us.evocdn.io/dealer/1405/catalog/product/images/DECKBOARDPTB.jpg,2026-01-10 16:32:38.518081
Adams Building Supply,Treated Lumber,5/4 X 6 - 16 DECKING PT BROWN,54616PTB,CAD 18.13,/ EA,Own Brand,https://www.adamsbuildingsupply.com/5-4-x-6-16-decking-pt-brown,https://us.evocdn.io/dealer/1405/catalog/product/images/DECKBOARDPTB.jpg,2026-01-10 16:32:38.585078
Adams Building Supply,Treated Lumber,5 X 5 -10 PT BROWN,5510PTB,CAD 39.99,/ EA,Own Brand,https://www.adamsbuildingsupply.com/5-x-5-10-pt-brown,https://us.evocdn.io/dealer/1405/catalog/product/images/4X4POSTPTB.jpg,2026-01-10 16:32:38.653078
Adams Building Supply,Treated Lumber,5 X 5 -12 PT BROWN,5512PTB,CAD 47.99,/ EA,Own Brand,https://www.adamsbuildingsupply.com/5-x-5-12-pt-brown,https://us.evocdn.io/dealer/1405/catalog/product/images/4X4POSTPTB.jpg,2026-01-10 16:32:38.724078
Adams Building Supply,Treated Lumber,5 STEP STRINGER PT BROWN,5SSPTB,CAD 38.65,/ EA,Own Brand,https://www.adamsbuildingsupply.com/5-step-stringer-pt-brown,https://www.adamsbuildingsupply.com/img/picture-100.png,2026-01-10 16:32:38.790077
Adams Building Supply,Treated Lumber,6 X 6 -08 PT BROWN,6608PTB,CAD 42.29,/ EA,Own Brand,https://www.adamsbuildingsupply.com/6-x-6-08-pt-brown,https://us.evocdn.io/dealer/1405/catalog/product/images/4X4POSTPTB.jpg,2026-01-10 16:32:38.857077
Adams Building Supply,Treated Lumber,6 X 6 -10 DOUGLAS FIR DRESSED,6610DF,,,Own Brand,https://www.adamsbuildingsupply.com/6-x-6-10-douglas-fir-dressed,https://us.evocdn.io/dealer/1405/catalog/product/images/4X4POSTPTB.jpg,2026-01-10 16:32:38.914078
Adams Building Supply,Treated Lumber,6 X 6 -10 PT BROWN,6610PTB,CAD 52.86,/ EA,Own Brand,https://www.adamsbuildingsupply.com/6-x-6-10-pt-brown,https://us.evocdn.io/dealer/1405/catalog/product/images/4X4POSTPTB.jpg,2026-01-10 16:32:38.981077
Adams Building Supply,Treated Lumber,6 X 6 -12 PT BROWN,6612PTB,CAD 63.44,/ EA,Own Brand,https://www.adamsbuildingsupply.com/6-x-6-12-pt-brown,https://us.evocdn.io/dealer/1405/catalog/product/images/4X4POSTPTB.jpg,2026-01-10 16:32:39.048079
Adams Building Supply,Treated Lumber,6 X 6 -14 PT BROWN,6614PTB,CAD 74.01,/ EA,Own Brand,https://www.adamsbuildingsupply.com/6-x-6-14-pt-brown,https://us.evocdn.io/dealer/1405/catalog/product/images/4X4POSTPTB.jpg,2026-01-10 16:32:39.114078
Adams Building Supply,Treated Lumber,6 X 6 -16 PT BROWN,6616PTB,CAD 84.58,/ EA,Own Brand,https://www.adamsbuildingsupply.com/6-x-6-16-pt-brown,https://us.evocdn.io/dealer/1405/catalog/product/images/4X4POSTPTB.jpg,2026-01-10 16:32:39.183077
Adams Building Supply,Treated Lumber,"96"" COL. HANDRAIL-FILLET PT",96CHR,CAD 14.99,/ EA,Own Brand,https://www.adamsbuildingsupply.com/96-col-handrail-fillet-pt,https://www.adamsbuildingsupply.com/img/picture-100.png,2026-01-10 16:32:39.250077
Adams Building Supply,Treated Lumber,3 X 5 X 8' GARDEN TIE PT BROWN,GT08PTB,CAD 11.51,/ EA,Own Brand,https://www.adamsbuildingsupply.com/3-x-5-x-8-garden-tie-pt-brown,https://www.adamsbuildingsupply.com/img/picture-100.png,2026-01-10 16:32:39.321078
Adams Building Supply,Treated Lumber,"POST CAP: 3/4"" X 4-1/2"" FLAT CAP PT BROWN:EA SPCF45T1",PC4PTB,CAD 3.99,/ EA,Own Brand,https://www.adamsbuildingsupply.com/post-cap-3-4-x-4-1-2-flat-cap-pt-brown-ea-spcf45t1,https://www.adamsbuildingsupply.com/img/picture-100.png,2026-01-10 16:32:45.772842
Adams Building Supply,Treated Lumber,"POST CAP: 1-1/2"" X 4-1/2"" BEV. FLAT CAP PT BROWN:EA SPCB45T1",PC5PTB,CAD 3.99,/ EA,Own Brand,https://www.adamsbuildingsupply.com/post-cap-1-1-2-x-4-1-2-bev-flat-cap-pt-brown-ea-spcb45t1,https://www.adamsbuildingsupply.com/img/picture-100.png,2026-01-10 16:32:45.868843
Adams Building Supply,Treated Lumber,"POST CAP: 7"" JUMBO FLAT CAP PT BROWN (6 X 6):EA SBTJT1",PC7PTB,CAD 5.99,/ EA,Own Brand,https://www.adamsbuildingsupply.com/post-cap-7-jumbo-flat-cap-pt-brown-6-x-6-ea-sbtjt1,https://www.adamsbuildingsupply.com/img/picture-100.png,2026-01-10 16:32:45.960841
Adams Building Supply,Plywood Sheathing,"ALEXANDRIA Moulding PY004-PY048C Rectangular Plywood, 4 ft L Actual, 4 in W Actual",7235393,,,ALEXANDRIA Moulding,https://www.adamsbuildingsupply.com/alexandria-moulding-py004-py048c-rectangular-plywood--6,https://images.orgill.com/weblarge/10009/7235393.jpg,2026-01-10 16:33:35.311153
Adams Building Supply,Plywood Sheathing,"24""X24""X3/8"" DRY BARRIER SUBFLOOR TILES(8/BOX)",DBST2438,CAD 74.99,/ BX,Own Brand,https://www.adamsbuildingsupply.com/24-x24-x3-8-dry-barrier-subfloor-tiles-8-box,https://www.adamsbuildingsupply.com/img/picture-100.png,2026-01-10 16:33:35.381152
Adams Building Supply,Plywood Sheathing,2X2 BARRICADE R 3.2 INSULATED SUBFLOOR PANELS,R3.2 BARRICADE,CAD 11.12,/ EA,Own Brand,https://www.adamsbuildingsupply.com/2x2-barricade-r-3-2-insulated-subfloor-panels,https://www.adamsbuildingsupply.com/img/picture-100.png,2026-01-10 16:33:35.449153
Adams Building Supply,Plywood Sheathing,2' X 2' SUBFLOR UNDERLAY PANEL,SUBFLOR,CAD 7.99,/ EA,Own Brand,https://www.adamsbuildingsupply.com/2-x-2-subflor-underlay-panel,https://www.adamsbuildingsupply.com/img/picture-100.png,2026-01-10 16:33:35.516153
Adams Building Supply,OSB Sheathing,4 X 8 - 1/4 OSB,14OSB,CAD 11.99,/ EA,Own Brand,https://www.adamsbuildingsupply.com/4-x-8-1-4-osb,https://www.adamsbuildingsupply.com/img/picture-100.png,2026-01-10 16:34:24.003292
Adams Building Supply,OSB Sheathing,"4 X 8 X 23/32"" T&G STABLEDGE PREMIUM SUBFLOOR (3/4"")",34STABLEDGE,CAD 47.99,/ EA,Own Brand,https://www.adamsbuildingsupply.com/4-x-8-x-23-32-t-and-g-stabledge-premium-subfloor-3-4,https://www.adamsbuildingsupply.com/img/picture-100.png,2026-01-10 16:34:24.072792
Adams Building Supply,OSB Sheathing,"4 X 8 X 3/4"" T&G OSB",34TGOSB,CAD 43.99,/ EA,Own Brand,https://www.adamsbuildingsupply.com/4-x-8-x-3-4-t-and-g-osb,https://www.adamsbuildingsupply.com/img/picture-100.png,2026-01-10 16:34:24.132626
Adams Building Supply,OSB Sheathing,4 X 9 - 7/16 OSB,49716OSB,CAD 24.25,/ EA,Own Brand,https://www.adamsbuildingsupply.com/4-x-9-7-16-osb,https://www.adamsbuildingsupply.com/img/picture-100.png,2026-01-10 16:34:24.225089
Adams Building Supply,OSB Sheathing,"4 X 8 X 19/32"" T&G STABLEDGE PREMIUM SUBFLOOR (5/8"")",58STABLEDGE,CAD 41.99,/ EA,Own Brand,https://www.adamsbuildingsupply.com/4-x-8-x-19-32-t-and-g-stabledge-premium-subfloor-5-8,https://www.adamsbuildingsupply.com/img/picture-100.png,2026-01-10 16:34:24.297283
Adams Building Supply,OSB Sheathing,4 X 8 - 5/8 T&G OSB,58TGOSB,CAD 22.98,/ EA,Own Brand,https://www.adamsbuildingsupply.com/4-x-8-5-8-t-and-g-osb,https://www.adamsbuildingsupply.com/img/picture-100.png,2026-01-10 16:34:24.370125
Adams Building Supply,OSB Sheathing,4 X 8 - 7/16 OSB,716OSB,CAD 13.48,/ EA,Own Brand,https://www.adamsbuildingsupply.com/4-x-8-7-16-osb,https://www.adamsbuildingsupply.com/img/picture-100.png,2026-01-10 16:34:24.428899
Adams Building Supply,Dimensional Lumber,"Waddell IBTB32 Trim Block Moulding, 4-1/2 in L, 1-1/8 in W, 1-1/8 in Thick, Pine Wood",1296714,,,,https://www.adamsbuildingsupply.com/waddell-ibtb32-trim-block-moulding-4-1-2-in-l-1-1-8-in-w-1-1-8-in-thick-pine-wood--5,https://images.orgill.com/weblarge/10008/1296714.jpg,2026-01-10 16:35:15.575384
Adams Building Supply,Dimensional Lumber,"ALEXANDRIA Moulding 102X4-WS096C1 Stud, 8 in L, 4 in W, 2 in Thick, Wood",2665909,,,ALEXANDRIA Moulding,https://www.adamsbuildingsupply.com/alexandria-moulding-102x4-ws096c1-stud-wood--5,https://images.orgill.com/weblarge/10039/2665909.jpg,2026-01-10 16:35:15.635384
Adams Building Supply,Dimensional Lumber,"ALEXANDRIA Moulding 001X2-WS096C1 Furring Strip, 8 ft L Nominal, 2 in W Nominal, 1 in Thick Nominal",3705308,,,ALEXANDRIA Moulding,https://www.adamsbuildingsupply.com/alexandria-moulding-001x2-ws096c1-furring-strip-8-ft-l-nominal-2-in-w-nominal-1-in-thick-nominal--5,https://images.orgill.com/weblarge/10007/3705308.jpg,2026-01-10 16:35:15.693383
Adams Building Supply,Dimensional Lumber,"ALEXANDRIA Moulding 102X2-WS096C1 Stud, 8 ft L, 2 in W, 2 in Thick, Wood",9547142,,,ALEXANDRIA Moulding,https://www.adamsbuildingsupply.com/alexandria-moulding-102x2-ws096c1-stud-wood--7,https://images.orgill.com/weblarge/10042/9547142.jpg,2026-01-10 16:35:15.752383
Adams Building Supply,Dimensional Lumber,1 X 2 -8' PREMIUM SPRUCE KD,1208S,CAD 1.96,/ EA,Own Brand,https://www.adamsbuildingsupply.com/1-x-2-8-premium-spruce-kd,https://us.evocdn.io/dealer/1405/catalog/product/images/1X2SPRUCE.jpg,2026-01-10 16:35:15.819384
Adams Building Supply,Dimensional Lumber,1 X 3 -8' #2 & BTR SPRUCE KD,1308S,CAD 3.05,/ EA,Own Brand,https://www.adamsbuildingsupply.com/1-x-3-8-2-and-btr-spruce-kd,https://us.evocdn.io/dealer/1405/catalog/product/images/1X3SPRUCE.jpg,2026-01-10 16:35:15.895382
Adams Building Supply,Dimensional Lumber,1 X 4 X 8' #2 & BTR SPRUCE KD,1408S,CAD 3.82,/ EA,Own Brand,https://www.adamsbuildingsupply.com/1-x-4-x-8-2-and-btr-spruce-kd,https://us.evocdn.io/dealer/1405/catalog/product/images/1X4SPRUCE.jpg,2026-01-10 16:35:15.962381
Adams Building Supply,Dimensional Lumber,1 X 4 X 12' PREMIUM SPRUCE,1412S,CAD 3.49,/ EA,Own Brand,https://www.adamsbuildingsupply.com/1-x-4-x-12-premium-spruce,https://us.evocdn.io/dealer/1405/catalog/product/images/1X4SPRUCE.jpg,2026-01-10 16:35:16.030385
Adams Building Supply,Dimensional Lumber,1 X 4 X 16' #4 ROUGH SPRUCE,1416RGH,CAD 4.99,/ EA,Own Brand,https://www.adamsbuildingsupply.com/1-x-4-x-16-4-rough-spruce,https://us.evocdn.io/dealer/1405/catalog/product/images/1X3SPRUCE.jpg,2026-01-10 16:35:16.096383
Adams Building Supply,Dimensional Lumber,2 X 10 -08 PREMIUM GRADE SPF KD,21008S,CAD 18.64,/ EA,Own Brand,https://www.adamsbuildingsupply.com/2-x-10-08-premium-grade-spf-kd,https://us.evocdn.io/dealer/1405/catalog/product/images/21008S.jpg,2026-01-10 16:35:16.163384
Adams Building Supply,Dimensional Lumber,2 X 10 -10 PREMIUM GRADE SPF KD,21010S,CAD 24.21,/ EA,Own Brand,https://www.adamsbuildingsupply.com/2-x-10-10-premium-grade-spf-kd,https://us.evocdn.io/dealer/1405/catalog/product/images/21010S.jpg,2026-01-10 16:35:16.231381
Adams Building Supply,Dimensional Lumber,2 X 10 -12 PREMIUM GRADE SPF KD,21012S,CAD 29.42,/ EA,Own Brand,https://www.adamsbuildingsupply.com/2-x-10-12-premium-grade-spf-kd,https://us.evocdn.io/dealer/1405/catalog/product/images/21012S.jpg,2026-01-10 16:35:16.326383
Adams Building Supply,Dimensional Lumber,2 X 10 -14 PREMIUM GRADE SPF KD,21014S,CAD 32.67,/ EA,Own Brand,https://www.adamsbuildingsupply.com/2-x-10-14-premium-grade-spf-kd,https://us.evocdn.io/dealer/1405/catalog/product/images/21014S.jpg,2026-01-10 16:35:16.398619
Adams Building Supply,Dimensional Lumber,2 X 10 -16 PREMIUM GRADE SPF KD,21016S,CAD 37.42,/ EA,Own Brand,https://www.adamsbuildingsupply.com/2-x-10-16-premium-grade-spf-kd,https://us.evocdn.io/dealer/1405/catalog/product/images/21016S.jpg,2026-01-10 16:35:16.467615
Adams Building Supply,Dimensional Lumber,2 X 10 -18 #2 & BTR SPF KD,21018S,CAD 54.00,/ EA,Own Brand,https://www.adamsbuildingsupply.com/2-x-10-18-2-and-btr-spf-kd,https://us.evocdn.io/dealer/1405/catalog/product/images/21018S.jpg,2026-01-10 16:35:16.534752
Adams Building Supply,Dimensional Lumber,2 X 10 -20 #2 & BTR SPF KD,21020S,CAD 60.00,/ EA,Own Brand,https://www.adamsbuildingsupply.com/2-x-10-20-2-and-btr-spf-kd,https://us.evocdn.io/dealer/1405/catalog/product/images/21020S.jpg,2026-01-10 16:35:16.604758
Adams Building Supply,Dimensional Lumber,2 X 10 -22 #2 & BTR SPF KD,21022S,CAD 82.50,/ EA,Own Brand,https://www.adamsbuildingsupply.com/2-x-10-22-2-and-btr-spf-kd,https://us.evocdn.io/dealer/1405/catalog/product/images/21008S.jpg,2026-01-10 16:35:16.672873
Adams Building Supply,Dimensional Lumber,2 X 10 -24 #2 & BTR SPF KD,21024S,CAD 78.00,/ EA,Own Brand,https://www.adamsbuildingsupply.com/2-x-10-24-2-and-btr-spf-kd,https://us.evocdn.io/dealer/1405/catalog/product/images/21024S.jpg,2026-01-10 16:35:16.740872
Adams Building Supply,Dimensional Lumber,2 X 12 -08 PREMIUM GRADE SPF KD,21208S,CAD 32.73,/ EA,Own Brand,https://www.adamsbuildingsupply.com/2-x-12-08-premium-grade-spf-kd,https://us.evocdn.io/dealer/1405/catalog/product/images/21208S.jpg,2026-01-10 16:35:16.807899
Adams Building Supply,Dimensional Lumber,2 X 12 -10 PREMIUM GRADE SPF KD,21210S,CAD 40.91,/ EA,Own Brand,https://www.adamsbuildingsupply.com/2-x-12-10-premium-grade-spf-kd,https://us.evocdn.io/dealer/1405/catalog/product/images/21210S.jpg,2026-01-10 16:35:16.875895
Adams Building Supply,Dimensional Lumber,2 X 12 -12 PREMIUM GRADE SPF KD,21212S,CAD 46.84,/ EA,Own Brand,https://www.adamsbuildingsupply.com/2-x-12-12-premium-grade-spf-kd,https://us.evocdn.io/dealer/1405/catalog/product/images/21212S.jpg,2026-01-10 16:35:16.946895
Adams Building Supply,Dimensional Lumber,2 X 12 -14 PREMIUM GRADE SPF KD,21214S,CAD 57.28,/ EA,Own Brand,https://www.adamsbuildingsupply.com/2-x-12-14-premium-grade-spf-kd,https://us.evocdn.io/dealer/1405/catalog/product/images/21214S.jpg,2026-01-10 16:35:17.014896
Adams Building Supply,Dimensional Lumber,2 X 12 -16 PREMIUM GRADE SPF KD,21216S,CAD 65.46,/ EA,Own Brand,https://www.adamsbuildingsupply.com/2-x-12-16-premium-grade-spf-kd,https://us.evocdn.io/dealer/1405/catalog/product/images/21216S.jpg,2026-01-10 16:35:17.082895
Adams Building Supply,Dimensional Lumber,2 X 12 -18 #2 & BTR SPF KD,21218S,CAD 76.50,/ EA,Own Brand,https://www.adamsbuildingsupply.com/2-x-12-18-2-and-btr-spf-kd,https://us.evocdn.io/dealer/1405/catalog/product/images/21218S.jpg,2026-01-10 16:35:17.153896
Adams Building Supply,Dimensional Lumber,2 X 12 -20 #2 & BTR SPF KD,21220S,CAD 85.00,/ EA,Own Brand,https://www.adamsbuildingsupply.com/2-x-12-20-2-and-btr-spf-kd,https://us.evocdn.io/dealer/1405/catalog/product/images/21220S.jpg,2026-01-10 16:35:17.222896
Adams Building Supply,Dimensional Lumber,2 X 12 -22 #2 & BTR SPF KD,21222S,CAD 110.00,/ EA,Own Brand,https://www.adamsbuildingsupply.com/2-x-12-22-2-and-btr-spf-kd,https://us.evocdn.io/dealer/1405/catalog/product/images/21208S.jpg,2026-01-10 16:35:17.289895
Adams Building Supply,Dimensional Lumber,2 X 12 -24 #2 & BTR SPF KD,21224S,CAD 120.00,/ EA,Own Brand,https://www.adamsbuildingsupply.com/2-x-12-24-2-and-btr-spf-kd,https://us.evocdn.io/dealer/1405/catalog/product/images/21224S.jpg,2026-01-10 16:35:17.359899
Adams Building Supply,Dimensional Lumber,2 X 2 -8' SPRUCE KD,2208S,CAD 3.87,/ EA,Own Brand,https://www.adamsbuildingsupply.com/2-x-2-8-spruce-kd,https://us.evocdn.io/dealer/1405/catalog/product/images/2X2SPRUCE.jpg,2026-01-10 16:35:17.433407
Adams Building Supply,Dimensional Lumber,2 X 3 -08 KD SPRUCE # 1&2,2308S,CAD 3.69,/ EA,Own Brand,https://www.adamsbuildingsupply.com/2-x-3-08-kd-spruce-1-and-2,https://us.evocdn.io/dealer/1405/catalog/product/images/2308S.jpg,2026-01-10 16:35:17.501407
Adams Building Supply,Dimensional Lumber,2 X 4 -08 PREMIUM GRADE SPF KD,2408S,CAD 3.99,/ EA,Own Brand,https://www.adamsbuildingsupply.com/2-x-4-08-premium-grade-spf-kd,https://us.evocdn.io/dealer/1405/catalog/product/images/2408S.jpg,2026-01-10 16:35:17.574407
Adams Building Supply,Dimensional Lumber,"2 X 4 X 104-5/8"" KD SPF STUD",2409PREM,CAD 4.76,/ EA,Own Brand,https://www.adamsbuildingsupply.com/2-x-4-x-104-5-8-kd-spf-stud,https://us.evocdn.io/dealer/1405/catalog/product/images/2409PREM.jpg,2026-01-10 16:35:17.648410
Adams Building Supply,Dimensional Lumber,2 X 4 -10 PREMIUM GRADE SPF KD,2410S,CAD 5.98,/ EA,Own Brand,https://www.adamsbuildingsupply.com/2-x-4-10-premium-grade-spf-kd,https://us.evocdn.io/dealer/1405/catalog/product/images/2410S.jpg,2026-01-10 16:35:17.740407
Adams Building Supply,Dimensional Lumber,"2 X 4 -116 5/8"" PREMIUM STUD SPRUCE",24116PCS,CAD 7.99,/ EA,Own Brand,https://www.adamsbuildingsupply.com/2-x-4-116-5-8-premium-stud-spruce,https://us.evocdn.io/dealer/1405/catalog/product/images/24116PCS.jpg,2026-01-10 16:35:17.817408
Adams Building Supply,Dimensional Lumber,2 X 4 -12 PREMIUM GRADE SPF KD,2412S,CAD 7.28,/ EA,Own Brand,https://www.adamsbuildingsupply.com/2-x-4-12-premium-grade-spf-kd,https://us.evocdn.io/dealer/1405/catalog/product/images/2412S.jpg,2026-01-10 16:35:17.899408
Adams Building Supply,Dimensional Lumber,2 X 4 -14 PREMIUM GRADE SPF KD,2414S,CAD 8.55,/ EA,Own Brand,https://www.adamsbuildingsupply.com/2-x-4-14-premium-grade-spf-kd,https://us.evocdn.io/dealer/1405/catalog/product/images/2414S.jpg,2026-01-10 16:35:17.977409
Adams Building Supply,Dimensional Lumber,2 X 4 -16 PREMIUM GRADE SPF KD,2416S,CAD 9.92,/ EA,Own Brand,https://www.adamsbuildingsupply.com/2-x-4-16-premium-grade-spf-kd,https://us.evocdn.io/dealer/1405/catalog/product/images/2416S.jpg,2026-01-10 16:35:18.050410
Adams Building Supply,Dimensional Lumber,2 X 4 -18 # 2 & BTR SPF KD,2418S,CAD 20.00,/ EA,Own Brand,https://www.adamsbuildingsupply.com/2-x-4-18-2-and-btr-spf-kd,https://us.evocdn.io/dealer/1405/catalog/product/images/2X4SPRUCE1.jpg,2026-01-10 16:35:24.959503
Adams Building Supply,Dimensional Lumber,2 X 4 -20 # 2 & BTR SPF KD,2420S,CAD 25.00,/ EA,Own Brand,https://www.adamsbuildingsupply.com/2-x-4-20-2-and-btr-spf-kd,https://us.evocdn.io/dealer/1405/catalog/product/images/2X4SPRUCE1.jpg,2026-01-10 16:35:25.032050
Adams Building Supply,Dimensional Lumber,"2 X 4 -92 5/8"" KD SPF STUD",24PCPREM,CAD 3.99,/ EA,Own Brand,https://www.adamsbuildingsupply.com/2-x-4-92-5-8-kd-spf-stud,https://us.evocdn.io/dealer/1405/catalog/product/images/24PCPREM.jpg,2026-01-10 16:35:25.088552
Adams Building Supply,Dimensional Lumber,2 X 6 -08 PREMIUM GRADE SPF KD,2608S,CAD 6.48,/ EA,Own Brand,https://www.adamsbuildingsupply.com/2-x-6-08-premium-grade-spf-kd,https://us.evocdn.io/dealer/1405/catalog/product/images/2608S.jpg,2026-01-10 16:35:25.163453
Adams Building Supply,Dimensional Lumber,"2 X 6 X 104-5/8"" KD SPF STUD",2609PREM,CAD 8.48,/ EA,Own Brand,https://www.adamsbuildingsupply.com/2-x-6-x-104-5-8-kd-spf-stud,https://us.evocdn.io/dealer/1405/catalog/product/images/2609PREM.jpg,2026-01-10 16:35:25.227430
Adams Building Supply,Dimensional Lumber,2 X 6 -10 PREMIUM GRADE SPF KD,2610S,CAD 10.98,/ EA,Own Brand,https://www.adamsbuildingsupply.com/2-x-6-10-premium-grade-spf-kd,https://us.evocdn.io/dealer/1405/catalog/product/images/2610S.jpg,2026-01-10 16:35:25.295152
Adams Building Supply,Dimensional Lumber,"2 X 6 X 116-5/8"" PREMIUM STUD SPRUCE",26116PCS,CAD 13.25,/ EA,Own Brand,https://www.adamsbuildingsupply.com/2-x-6-x-116-5-8-premium-stud-spruce,https://us.evocdn.io/dealer/1405/catalog/product/images/26116PCS.jpg,2026-01-10 16:35:25.374546
Adams Building Supply,Dimensional Lumber,2 X 6 -12 PREMIUM GRADE SPF KD,2612S,CAD 13.28,/ EA,Own Brand,https://www.adamsbuildingsupply.com/2-x-6-12-premium-grade-spf-kd,https://us.evocdn.io/dealer/1405/catalog/product/images/2612S.jpg,2026-01-10 16:35:25.441546
Adams Building Supply,Dimensional Lumber,2 X 6 -14 PREMIUM GRADE SPF KD,2614S,CAD 14.97,/ EA,Own Brand,https://www.adamsbuildingsupply.com/2-x-6-14-premium-grade-spf-kd,https://us.evocdn.io/dealer/1405/catalog/product/images/2614S.jpg,2026-01-10 16:35:25.508545
Adams Building Supply,Dimensional Lumber,2 X 6 -16 PREMIUM GRADE SPF KD,2616S,CAD 17.67,/ EA,Own Brand,https://www.adamsbuildingsupply.com/2-x-6-16-premium-grade-spf-kd,https://us.evocdn.io/dealer/1405/catalog/product/images/2616S.jpg,2026-01-10 16:35:25.575545
Adams Building Supply,Dimensional Lumber,2 X 6 -18 #2 & BTR SPF KD,2618S,CAD 27.00,/ EA,Own Brand,https://www.adamsbuildingsupply.com/2-x-6-18-2-and-btr-spf-kd,https://us.evocdn.io/dealer/1405/catalog/product/images/2618S.jpg,2026-01-10 16:35:25.667550
Adams Building Supply,Dimensional Lumber,2 X 6 -20 #2 & BTR SPRUCE,2620S,CAD 30.00,/ EA,Own Brand,https://www.adamsbuildingsupply.com/2-x-6-20-2-and-btr-spruce,https://us.evocdn.io/dealer/1405/catalog/product/images/2620S.jpg,2026-01-10 16:35:25.733545
Adams Building Supply,Dimensional Lumber,2 X 6 -22 #2 & BTR SPRUCE,2622S,CAD 44.00,/ EA,Own Brand,https://www.adamsbuildingsupply.com/2-x-6-22-2-and-btr-spruce,https://us.evocdn.io/dealer/1405/catalog/product/images/2608S.jpg,2026-01-10 16:35:25.800547
Adams Building Supply,Dimensional Lumber,2 X 6 -24 #2 & BTR SPRUCE,2624S,CAD 48.00,/ EA,Own Brand,https://www.adamsbuildingsupply.com/2-x-6-24-2-and-btr-spruce,https://us.evocdn.io/dealer/1405/catalog/product/images/2624S.jpg,2026-01-10 16:35:25.866546
Adams Building Supply,Dimensional Lumber,"2 X 6 -92 5/8"" KD SPF STUD",26PCPREM,CAD 6.43,/ EA,Own Brand,https://www.adamsbuildingsupply.com/2-x-6-92-5-8-kd-spf-stud,https://us.evocdn.io/dealer/1405/catalog/product/images/26PCPREM.jpg,2026-01-10 16:35:25.933547
Adams Building Supply,Dimensional Lumber,2 X 8 -08 PREMIUM GRADE SPF KD,2808S,CAD 15.11,/ EA,Own Brand,https://www.adamsbuildingsupply.com/2-x-8-08-premium-grade-spf-kd,https://us.evocdn.io/dealer/1405/catalog/product/images/2808S.jpg,2026-01-10 16:35:26.000549
Adams Building Supply,Dimensional Lumber,2 X 8 -10 PREMIUM GRADE SPF KD,2810S,CAD 18.94,/ EA,Own Brand,https://www.adamsbuildingsupply.com/2-x-8-10-premium-grade-spf-kd,https://us.evocdn.io/dealer/1405/catalog/product/images/2810S.jpg,2026-01-10 16:35:26.070548
Adams Building Supply,Dimensional Lumber,2 X 8 -12 PREMIUM GRADE SPF KD,2812S,CAD 22.73,/ EA,Own Brand,https://www.adamsbuildingsupply.com/2-x-8-12-premium-grade-spf-kd,https://us.evocdn.io/dealer/1405/catalog/product/images/2812S.jpg,2026-01-10 16:35:26.137548
Adams Building Supply,Dimensional Lumber,2 X 8 -14 PREMIUM GRADE SPF KD,2814S,CAD 26.52,/ EA,Own Brand,https://www.adamsbuildingsupply.com/2-x-8-14-premium-grade-spf-kd,https://us.evocdn.io/dealer/1405/catalog/product/images/2814S.jpg,2026-01-10 16:35:26.206545
Adams Building Supply,Dimensional Lumber,2 X 8 -16 PREMIUM GRADE SPF KD,2816S,CAD 30.31,/ EA,Own Brand,https://www.adamsbuildingsupply.com/2-x-8-16-premium-grade-spf-kd,https://us.evocdn.io/dealer/1405/catalog/product/images/2816S.jpg,2026-01-10 16:35:26.273546
Adams Building Supply,Dimensional Lumber,2 X 8 -18' #2 & BTR SPF KD,2818S,CAD 45.00,/ EA,Own Brand,https://www.adamsbuildingsupply.com/2-x-8-18-2-and-btr-spf-kd,https://us.evocdn.io/dealer/1405/catalog/product/images/2818S.jpg,2026-01-10 16:35:26.341548
Adams Building Supply,Dimensional Lumber,2 X 8 -20 #2 & BTR SPF KD,2820S,CAD 50.00,/ EA,Own Brand,https://www.adamsbuildingsupply.com/2-x-8-20-2-and-btr-spf-kd,https://us.evocdn.io/dealer/1405/catalog/product/images/2820S.jpg,2026-01-10 16:35:26.418547
Adams Building Supply,Dimensional Lumber,2 X 8 -22#2 & BTR SPF KD,2822S,CAD 66.00,/ EA,Own Brand,https://www.adamsbuildingsupply.com/2-x-8-22-2-and-btr-spf-kd,https://us.evocdn.io/dealer/1405/catalog/product/images/2808S.jpg,2026-01-10 16:35:26.488549
Adams Building Supply,Dimensional Lumber,2 X 8 -24 #2 & BTR SPF KD,2824S,CAD 72.00,/ EA,Own Brand,https://www.adamsbuildingsupply.com/2-x-8-24-2-and-btr-spf-kd,https://us.evocdn.io/dealer/1405/catalog/product/images/2824S.jpg,2026-01-10 16:35:26.555546
Adams Building Supply,Engineered Wood Products,"1-3/4"" X 11-7/8"" X 6' LVL",134117806LVL,CAD 73.50,/ EA,Own Brand,https://www.adamsbuildingsupply.com/1-3-4-x-11-7-8-x-6-lvl,https://us.evocdn.io/dealer/1405/catalog/product/images/11LVL.jpeg,2026-01-10 16:36:16.669976
Adams Building Supply,Engineered Wood Products,"1-3/4"" X 11-7/8"" X 8' LVL",134117808LVL,CAD 98.00,/ EA,Own Brand,https://www.adamsbuildingsupply.com/1-3-4-x-11-7-8-x-8-lvl,https://us.evocdn.io/dealer/1405/catalog/product/images/11LVL.jpeg,2026-01-10 16:36:16.740977
Adams Building Supply,Engineered Wood Products,"1-3/4"" X 11-7/8"" X 10' LVL",134117810LVL,CAD 122.50,/ EA,Own Brand,https://www.adamsbuildingsupply.com/1-3-4-x-11-7-8-x-10-lvl,https://us.evocdn.io/dealer/1405/catalog/product/images/11LVL.jpeg,2026-01-10 16:36:16.807836
Adams Building Supply,Engineered Wood Products,"1-3/4"" X 11-7/8"" X 12' LVL",134117812LVL,CAD 147.00,/ EA,Own Brand,https://www.adamsbuildingsupply.com/1-3-4-x-11-7-8-x-12-lvl,https://us.evocdn.io/dealer/1405/catalog/product/images/11LVL.jpeg,2026-01-10 16:36:16.874836
Adams Building Supply,Engineered Wood Products,"1-3/4"" X 11-7/8"" X 14' LVL",134117814LVL,CAD 171.50,/ EA,Own Brand,https://www.adamsbuildingsupply.com/1-3-4-x-11-7-8-x-14-lvl,https://us.evocdn.io/dealer/1405/catalog/product/images/11LVL.jpeg,2026-01-10 16:36:16.941841
Adams Building Supply,Engineered Wood Products,"1-3/4"" X 11-7/8"" X 16' LVL",134117816LVL,CAD 196.00,/ EA,Own Brand,https://www.adamsbuildingsupply.com/1-3-4-x-11-7-8-x-16-lvl,https://us.evocdn.io/dealer/1405/catalog/product/images/11LVL.jpeg,2026-01-10 16:36:17.008837
Adams Building Supply,Engineered Wood Products,"1-3/4"" X 11-7/8"" X 18' LVL",134117818LVL,CAD 220.50,/ EA,Own Brand,https://www.adamsbuildingsupply.com/1-3-4-x-11-7-8-x-18-lvl,https://us.evocdn.io/dealer/1405/catalog/product/images/11LVL.jpeg,2026-01-10 16:36:17.076836
Adams Building Supply,Engineered Wood Products,"1-3/4"" X 11-7/8"" X 20' LVL",134117820LVL,CAD 245.00,/ EA,Own Brand,https://www.adamsbuildingsupply.com/1-3-4-x-11-7-8-x-20-lvl,https://us.evocdn.io/dealer/1405/catalog/product/images/11LVL.jpeg,2026-01-10 16:36:17.143836
Adams Building Supply,Engineered Wood Products,"1-3/4"" X 11-7/8"" X 22' LVL",134117822LVL,CAD 269.50,/ EA,Own Brand,https://www.adamsbuildingsupply.com/1-3-4-x-11-7-8-x-22-lvl,https://us.evocdn.io/dealer/1405/catalog/product/images/11LVL.jpeg,2026-01-10 16:36:17.210837
Adams Building Supply,Engineered Wood Products,"1-3/4"" X 11-7/8"" X 24' LVL",134117824LVL,CAD 294.00,/ EA,Own Brand,https://www.adamsbuildingsupply.com/1-3-4-x-11-7-8-x-24-lvl,https://us.evocdn.io/dealer/1405/catalog/product/images/11LVL.jpeg,2026-01-10 16:36:17.277836
Adams Building Supply,Engineered Wood Products,"1-3/4"" X 11-7/8"" X 26' LVL",134117826LVL,CAD 318.50,/ EA,Own Brand,https://www.adamsbuildingsupply.com/1-3-4-x-11-7-8-x-26-lvl,https://us.evocdn.io/dealer/1405/catalog/product/images/11LVL.jpeg,2026-01-10 16:36:17.345954
Adams Building Supply,Engineered Wood Products,"1-3/4"" X 11-7/8"" X 28' LVL",134117828LVL,CAD 343.00,/ EA,Own Brand,https://www.adamsbuildingsupply.com/1-3-4-x-11-7-8-x-28-lvl,https://us.evocdn.io/dealer/1405/catalog/product/images/11LVL.jpeg,2026-01-10 16:36:17.402891
Adams Building Supply,Engineered Wood Products,"1-3/4"" X 11-7/8"" X 30' LVL",134117830LVL,CAD 367.50,/ EA,Own Brand,https://www.adamsbuildingsupply.com/1-3-4-x-11-7-8-x-30-lvl,https://us.evocdn.io/dealer/1405/catalog/product/images/11LVL.jpeg,2026-01-10 16:36:17.484105
Adams Building Supply,Engineered Wood Products,"1-3/4"" X 11-7/8"" X 32' LVL",134117832LVL,CAD 392.00,/ EA,Own Brand,https://www.adamsbuildingsupply.com/1-3-4-x-11-7-8-x-32-lvl,https://us.evocdn.io/dealer/1405/catalog/product/images/11LVL.jpeg,2026-01-10 16:36:17.541547
Adams Building Supply,Engineered Wood Products,"1-3/4"" X 11-7/8"" X 36' LVL",134117836LVL,CAD 441.00,/ EA,Own Brand,https://www.adamsbuildingsupply.com/1-3-4-x-11-7-8-x-36-lvl,https://us.evocdn.io/dealer/1405/catalog/product/images/11LVL.jpeg,2026-01-10 16:36:17.616848
Adams Building Supply,Engineered Wood Products,"1-3/4"" X 14"" X 6' LVL",1341406LVL,CAD 101.94,/ EA,Own Brand,https://www.adamsbuildingsupply.com/1-3-4-x-14-x-6-lvl,https://us.evocdn.io/dealer/1405/catalog/product/images/14LVL.jpeg,2026-01-10 16:36:17.673643
Adams Building Supply,Engineered Wood Products,"1-3/4"" X 14"" X 8' LVL",1341408LVL,CAD 135.92,/ EA,Own Brand,https://www.adamsbuildingsupply.com/1-3-4-x-14-x-8-lvl,https://us.evocdn.io/dealer/1405/catalog/product/images/14LVL.jpeg,2026-01-10 16:36:17.752943
Adams Building Supply,Engineered Wood Products,"1-3/4"" X 14"" X 10' LVL",1341410LVL,CAD 169.90,/ EA,Own Brand,https://www.adamsbuildingsupply.com/1-3-4-x-14-x-10-lvl,https://us.evocdn.io/dealer/1405/catalog/product/images/14LVL.jpeg,2026-01-10 16:36:17.819063
Adams Building Supply,Engineered Wood Products,"1-3/4"" X 14"" X 12' LVL",1341412LVL,CAD 203.88,/ EA,Own Brand,https://www.adamsbuildingsupply.com/1-3-4-x-14-x-12-lvl,https://us.evocdn.io/dealer/1405/catalog/product/images/14LVL.jpeg,2026-01-10 16:36:17.887860
Adams Building Supply,Engineered Wood Products,"1-3/4"" X 14"" X 14' LVL",1341414LVL,CAD 237.86,/ EA,Own Brand,https://www.adamsbuildingsupply.com/1-3-4-x-14-x-14-lvl,https://us.evocdn.io/dealer/1405/catalog/product/images/14LVL.jpeg,2026-01-10 16:36:17.944036
Adams Building Supply,Engineered Wood Products,"1-3/4"" X 14"" X 16' LVL",1341416LVL,CAD 271.84,/ EA,Own Brand,https://www.adamsbuildingsupply.com/1-3-4-x-14-x-16-lvl,https://us.evocdn.io/dealer/1405/catalog/product/images/14LVL.jpeg,2026-01-10 16:36:18.032808
Adams Building Supply,Engineered Wood Products,"1-3/4"" X 14"" X 18' LVL",1341418LVL,CAD 305.82,/ EA,Own Brand,https://www.adamsbuildingsupply.com/1-3-4-x-14-x-18-lvl,https://us.evocdn.io/dealer/1405/catalog/product/images/14LVL.jpeg,2026-01-10 16:36:18.102994
Adams Building Supply,Engineered Wood Products,"1-3/4"" X 14"" X 20' LVL",1341420LVL,CAD 339.80,/ EA,Own Brand,https://www.adamsbuildingsupply.com/1-3-4-x-14-x-20-lvl,https://us.evocdn.io/dealer/1405/catalog/product/images/14LVL.jpeg,2026-01-10 16:36:18.164126
Adams Building Supply,Engineered Wood Products,"1-3/4"" X 14"" X 22' LVL",1341422LVL,CAD 373.78,/ EA,Own Brand,https://www.adamsbuildingsupply.com/1-3-4-x-14-x-22-lvl,https://us.evocdn.io/dealer/1405/catalog/product/images/14LVL.jpeg,2026-01-10 16:36:18.243660
Adams Building Supply,Engineered Wood Products,"1-3/4"" X 14"" X 24' LVL",1341424LVL,CAD 407.76,/ EA,Own Brand,https://www.adamsbuildingsupply.com/1-3-4-x-14-x-24-lvl,https://us.evocdn.io/dealer/1405/catalog/product/images/14LVL.jpeg,2026-01-10 16:36:18.298315
Adams Building Supply,Engineered Wood Products,"1-3/4"" X 14"" X 26' LVL",1341426LVL,CAD 441.74,/ EA,Own Brand,https://www.adamsbuildingsupply.com/1-3-4-x-14-x-26-lvl,https://us.evocdn.io/dealer/1405/catalog/product/images/14LVL.jpeg,2026-01-10 16:36:18.367499
Adams Building Supply,Engineered Wood Products,"1-3/4"" X 14"" X 28' LVL",1341428LVL,CAD 475.72,/ EA,Own Brand,https://www.adamsbuildingsupply.com/1-3-4-x-14-x-28-lvl,https://us.evocdn.io/dealer/1405/catalog/product/images/14LVL.jpeg,2026-01-10 16:36:18.444974
Adams Building Supply,Engineered Wood Products,"1-3/4"" X 14"" X 30' LVL",1341430LVL,CAD 509.70,/ EA,Own Brand,https://www.adamsbuildingsupply.com/1-3-4-x-14-x-30-lvl,https://us.evocdn.io/dealer/1405/catalog/product/images/14LVL.jpeg,2026-01-10 16:36:18.507619
Adams Building Supply,Engineered Wood Products,"1-3/4"" X 14"" X 32' LVL",1341432LVL,CAD 543.68,/ EA,Own Brand,https://www.adamsbuildingsupply.com/1-3-4-x-14-x-32-lvl,https://us.evocdn.io/dealer/1405/catalog/product/images/14LVL.jpeg,2026-01-10 16:36:18.580612
Adams Building Supply,Engineered Wood Products,"1-3/4"" X 14"" X 36' LVL",1341436LVL,CAD 611.64,/ EA,Own Brand,https://www.adamsbuildingsupply.com/1-3-4-x-14-x-36-lvl,https://us.evocdn.io/dealer/1405/catalog/product/images/14LVL.jpeg,2026-01-10 16:36:18.637719
Adams Building Supply,Engineered Wood Products,"1-3/4"" X 9-1/2"" X 6' LVL",13491206LVL,CAD 59.94,/ EA,Own Brand,https://www.adamsbuildingsupply.com/1-3-4-x-9-1-2-x-6-lvl,https://us.evocdn.io/dealer/1405/catalog/product/images/9LVL.jpeg,2026-01-10 16:36:18.713670
Adams Building Supply,Engineered Wood Products,"1-3/4"" X 9-1/2"" X 8' LVL",13491208LVL,CAD 79.92,/ EA,Own Brand,https://www.adamsbuildingsupply.com/1-3-4-x-9-1-2-x-8-lvl,https://us.evocdn.io/dealer/1405/catalog/product/images/9LVL.jpeg,2026-01-10 16:36:18.782205
Adams Building Supply,Engineered Wood Products,"1-3/4"" X 9-1/2"" X 10' LVL",13491210LVL,CAD 99.90,/ EA,Own Brand,https://www.adamsbuildingsupply.com/1-3-4-x-9-1-2-x-10-lvl,https://us.evocdn.io/dealer/1405/catalog/product/images/9LVL.jpeg,2026-01-10 16:36:18.838908
Adams Building Supply,Engineered Wood Products,"1-3/4"" X 9-1/2"" X 12' LVL",13491212LVL,CAD 119.88,/ EA,Own Brand,https://www.adamsbuildingsupply.com/1-3-4-x-9-1-2-x-12-lvl,https://us.evocdn.io/dealer/1405/catalog/product/images/9LVL.jpeg,2026-01-10 16:36:18.912424
Adams Building Supply,Engineered Wood Products,"1-3/4"" X 9-1/2"" X 14' LVL",13491214LVL,CAD 139.86,/ EA,Own Brand,https://www.adamsbuildingsupply.com/1-3-4-x-9-1-2-x-14-lvl,https://us.evocdn.io/dealer/1405/catalog/product/images/9LVL.jpeg,2026-01-10 16:36:18.985267
Adams Building Supply,Engineered Wood Products,"1-3/4"" X 9-1/2"" X 16' LVL",13491216LVL,CAD 159.84,/ EA,Own Brand,https://www.adamsbuildingsupply.com/1-3-4-x-9-1-2-x-16-lvl,https://us.evocdn.io/dealer/1405/catalog/product/images/9LVL.jpeg,2026-01-10 16:36:19.041021
Adams Building Supply,Engineered Wood Products,"1-3/4"" X 9-1/2"" X 16' LVL",13491216LVL,CAD 159.84,/ EA,Own Brand,https://www.adamsbuildingsupply.com/1-3-4-x-9-1-2-x-16-lvl,https://us.evocdn.io/dealer/1405/catalog/product/images/9LVL.jpeg,2026-01-10 16:36:25.499471
Adams Building Supply,Engineered Wood Products,"1-3/4"" X 9-1/2"" X 18' LVL",13491218LVL,CAD 179.82,/ EA,Own Brand,https://www.adamsbuildingsupply.com/1-3-4-x-9-1-2-x-18-lvl,https://us.evocdn.io/dealer/1405/catalog/product/images/9LVL.jpeg,2026-01-10 16:36:25.569057
Adams Building Supply,Engineered Wood Products,"1-3/4"" X 9-1/2"" X 20' LVL",13491220LVL,CAD 199.80,/ EA,Own Brand,https://www.adamsbuildingsupply.com/1-3-4-x-9-1-2-x-20-lvl,https://us.evocdn.io/dealer/1405/catalog/product/images/9LVL.jpeg,2026-01-10 16:36:25.624013
Adams Building Supply,Engineered Wood Products,"1-3/4"" X 9-1/2"" X 22' LVL",13491222LVL,CAD 219.78,/ EA,Own Brand,https://www.adamsbuildingsupply.com/1-3-4-x-9-1-2-x-22-lvl,https://us.evocdn.io/dealer/1405/catalog/product/images/9LVL.jpeg,2026-01-10 16:36:25.700194
Adams Building Supply,Engineered Wood Products,"1-3/4"" X 9-1/2"" X 24' LVL",13491224LVL,CAD 239.76,/ EA,Own Brand,https://www.adamsbuildingsupply.com/1-3-4-x-9-1-2-x-24-lvl,https://us.evocdn.io/dealer/1405/catalog/product/images/9LVL.jpeg,2026-01-10 16:36:25.762447
Adams Building Supply,Engineered Wood Products,"1-3/4"" X 9-1/2"" X 26' LVL",13491226LVL,CAD 259.74,/ EA,Own Brand,https://www.adamsbuildingsupply.com/1-3-4-x-9-1-2-x-26-lvl,https://us.evocdn.io/dealer/1405/catalog/product/images/9LVL.jpeg,2026-01-10 16:36:25.834284
Adams Building Supply,Engineered Wood Products,"1-3/4"" X 9-1/2"" X 28' LVL",13491228LVL,CAD 279.72,/ EA,Own Brand,https://www.adamsbuildingsupply.com/1-3-4-x-9-1-2-x-28-lvl,https://us.evocdn.io/dealer/1405/catalog/product/images/9LVL.jpeg,2026-01-10 16:36:25.894346
Adams Building Supply,Engineered Wood Products,"1-3/4"" X 9-1/2"" X 30' LVL",13491230LVL,CAD 299.70,/ EA,Own Brand,https://www.adamsbuildingsupply.com/1-3-4-x-9-1-2-x-30-lvl,https://us.evocdn.io/dealer/1405/catalog/product/images/9LVL.jpeg,2026-01-10 16:36:25.956931
Adams Building Supply,Engineered Wood Products,"1-3/4"" X 9-1/2"" X 32' LVL",13491232LVL,CAD 319.68,/ EA,Own Brand,https://www.adamsbuildingsupply.com/1-3-4-x-9-1-2-x-32-lvl,https://us.evocdn.io/dealer/1405/catalog/product/images/9LVL.jpeg,2026-01-10 16:36:26.068691
Adams Building Supply,Engineered Wood Products,"1-3/4"" X 9-1/2"" X 36' LVL",13491236LVL,CAD 359.64,/ EA,Own Brand,https://www.adamsbuildingsupply.com/1-3-4-x-9-1-2-x-36-lvl,https://us.evocdn.io/dealer/1405/catalog/product/images/9LVL.jpeg,2026-01-10 16:36:26.130823
