ID,title,date,deleted,price,restore-link,delete
31921571,Alquiler,Publicado el 28/01/2026,Edison Park,B/. 700,https://www.encuentra24.com/account/admodify/reactivate/id/31921571/back/delete,True
31920162,"Alquiler Costa del Este | PH Mirador del Este Vista al Mar – $2,700",Publicado el 27/01/2026,Costa del Este,"B/. 2,700",https://www.encuentra24.com/account/admodify/reactivate/id/31920162/back/delete,True
31921153,"Alquiler $5,000 | Casa de Lujo Altos del Golf | ¡$800 Consumo Eléctrico Incluido!",Publicado el 27/01/2026,Costa del Este,"B/. 5,000",https://www.encuentra24.com/account/admodify/reactivate/id/31921153/back/delete,True
31921196,"LA MEJOR VISTA DE COSTA DEL ESTE | 300M² EN PH ALTAMAR | PISO ALTO $3,600",Publicado el 27/01/2026,Costa del Este,"B/. 3,600",https://www.encuentra24.com/account/admodify/reactivate/id/31921196/back/delete,True
31921166,"Alquiler $3,500 Neg. | PH The Towers San Francisco | 270 m² de Lujo | 3 Suites + Den",Publicado el 27/01/2026,San Francisco,"B/. 3,500",https://www.encuentra24.com/account/admodify/reactivate/id/31921166/back/delete,True
31921072,"Alquiler Costa del Este | PH Parkside Vista al Mar – $2,300",Publicado el 27/01/2026,Costa del Este,"B/. 2,300",https://www.encuentra24.com/account/admodify/reactivate/id/31921072/back/delete,True
31921038,"Alquiler Premium en Costa del Este | PH Ten Tower – $5,300",Publicado el 27/01/2026,Costa del Este,"B/. 5,300",https://www.encuentra24.com/account/admodify/reactivate/id/31921038/back/delete,True
31921028,"Alquiler Punta Pacífica | PH Pacific Bay, 224 m² – $2,400",Publicado el 27/01/2026,Punta Pacífica,"B/. 2,400",https://www.encuentra24.com/account/admodify/reactivate/id/31921028/back/delete,True
31921020,"Alquiler $2,800 | PH Pacific Village Pta Pacífica | 270 m² de Lujo | 3 Rec. + CBE",Publicado el 27/01/2026,Punta Pacífica,"B/. 2,800",https://www.encuentra24.com/account/admodify/reactivate/id/31921020/back/delete,True
31917170,"Alquiler Costa del Este | PH Costa View 3R + C/B/E – $1,600",Publicado el 27/01/2026,Costa del Este,"B/. 1,600",https://www.encuentra24.com/account/admodify/reactivate/id/31917170/back/delete,True
31920085,Alquiler,Publicado el 27/01/2026,Costa del Este,"B/. 2,100",https://www.encuentra24.com/account/admodify/reactivate/id/31920085/back/delete,True
31920182,"Alquiler Amoblado en Punta Pacífica | PH Dupont Tower – $2,350",Publicado el 27/01/2026,Punta Pacífica,"B/. 2,350",https://www.encuentra24.com/account/admodify/reactivate/id/31920182/back/delete,True
31921049,"Alquiler Punta Pacífica | PH Grand Tower Amoblado – $2,600",Publicado el 27/01/2026,Punta Pacífica,"B/. 2,600",https://www.encuentra24.com/account/admodify/reactivate/id/31921049/back/delete,True
31921062,"Alquiler $2,100 | PH Arcadia | 76 m² Amoblado | Vista Directa al Parque",Publicado el 27/01/2026,Costa del Este,"B/. 2,100",https://www.encuentra24.com/account/admodify/reactivate/id/31921062/back/delete,True
31921180,"Alquiler $3,500 | Aquamare Punta Pacífica | 356m² 3R Family Room",Publicado el 27/01/2026,Punta Pacífica,"B/. 3,500",https://www.encuentra24.com/account/admodify/reactivate/id/31921180/back/delete,True
31921191,"Alquiler $3,500 | Mirador del Este Costa del Este | 200m² 3R Amoblado",Publicado el 27/01/2026,Costa del Este,"B/. 3,500",https://www.encuentra24.com/account/admodify/reactivate/id/31921191/back/delete,True
31921274,"Alquiler $7,000 | Residencia de Lujo 611 m² | Paseo del Parque CDE | Terreno 1,042 m²",Publicado el 27/01/2026,Costa del Este,"B/. 7,000",https://www.encuentra24.com/account/admodify/reactivate/id/31921274/back/delete,True
31914904,"Alquiler $2,000 No Neg. | PH Oceanaire Pta Pacífica | 175 m² | Vista Total al Mar",Publicado el 26/01/2026,Punta Pacífica,"B/. 2,000",https://www.encuentra24.com/account/admodify/reactivate/id/31914904/back/delete,True
31915129,Alquiler,Publicado el 26/01/2026,Costa del Este,"B/. 2,000",https://www.encuentra24.com/account/admodify/reactivate/id/31915129/back/delete,True
31914970,"Alquiler Costa del Este | PH Aria Vista al Mar – $6,000",Publicado el 26/01/2026,Costa del Este,"B/. 6,000",https://www.encuentra24.com/account/admodify/reactivate/id/31914970/back/delete,True
31914926,"Alquiler Costa del Este | PH Riverside Línea Blanca  – $1,700 No Neg.",Publicado el 26/01/2026,Costa del Este,"B/. 1,700",https://www.encuentra24.com/account/admodify/reactivate/id/31914926/back/delete,True
31914897,"Alquiler Apto Semi Amoblado en PH Sunrise | Obarrio – $1,550",Publicado el 26/01/2026,Obarrio,"B/. 1,550",https://www.encuentra24.com/account/admodify/reactivate/id/31914897/back/delete,True
31914932,Alquiler,Publicado el 26/01/2026,Coco del Mar,"B/. 1,900",https://www.encuentra24.com/account/admodify/reactivate/id/31914932/back/delete,True
31915110,"Alquiler PH Vertikal | Costa del Este | 170m² | 4 Rec | $3,000",Publicado el 26/01/2026,Costa del Este,"B/. 3,000",https://www.encuentra24.com/account/admodify/reactivate/id/31915110/back/delete,True
31915005,"Alquiler $3,200 | PH Victory Sport Coco del Mar | 150 m² | 3 Rec. + Estudio | Full Equipado",Publicado el 26/01/2026,Coco del Mar,"B/. 3,200",https://www.encuentra24.com/account/admodify/reactivate/id/31915005/back/delete,True
31914994,"¡CLUB PRIVADO EN CASA! PH Country Club CDE $3,000 | 205M² VISTA AL MAR",Publicado el 26/01/2026,Costa del Este,"B/. 3,000",https://www.encuentra24.com/account/admodify/reactivate/id/31914994/back/delete,True
31914983,"Alquiler San Francisco | PH The View 3 Rec + Den – $2,000",Publicado el 26/01/2026,San Francisco,"B/. 2,000",https://www.encuentra24.com/account/admodify/reactivate/id/31914983/back/delete,True
31914978,"Alquiler Amoblado Costa del Este | PH MAUI Remodelado 3 Rec – $2,700",Publicado el 26/01/2026,Costa del Este,"B/. 2,700",https://www.encuentra24.com/account/admodify/reactivate/id/31914978/back/delete,True
31914963,"Alquiler El Cangrejo | PH Vitro Loft Amoblado – Vista a la Ciudad $1,400",Publicado el 26/01/2026,El Cangrejo,"B/. 1,400",https://www.encuentra24.com/account/admodify/reactivate/id/31914963/back/delete,True
31914951,"Alquiler Amoblado Vitro Loft – El Cangrejo | 100m² | 1 rec | $1,150",Publicado el 26/01/2026,El Cangrejo,"B/. 1,150",https://www.encuentra24.com/account/admodify/reactivate/id/31914951/back/delete,True
31914870,"PH Oceanaire $1,600 | Amueblado | Piso Súper Alto | Cliente Directo Sin Intermediarios",Publicado el 26/01/2026,Punta Pacífica,"B/. 1,600",https://www.encuentra24.com/account/admodify/reactivate/id/31914870/back/delete,True
31521541,"ALQUILER $1,050 ULTIMO PRECIO! | 80 m² 1R | Balcón | San Francisco",Publicado el 24/10/2025,San Francisco,"B/. 1,050",https://www.encuentra24.com/account/admodify/reactivate/id/31521541/back/delete,True
31521718,Piso Alto San Francisco Bay | Full Amoblado | Vista ESPECTACULAR,Publicado el 24/10/2025,San Francisco,"B/. 1,100",https://www.encuentra24.com/account/admodify/reactivate/id/31521718/back/delete,True
31521806,"Alquiler – Casa en Costa Esmeralda | Costa Sur | $3,000",Publicado el 24/10/2025,Costa Sur,"B/. 3,000",https://www.encuentra24.com/account/admodify/reactivate/id/31521806/back/delete,True
31521738,"Alquiler PH Pacific Sky – Punta Pacífica | 2 rec + CBE | Piso Alto | $1,150",Publicado el 24/10/2025,Punta Pacífica,"B/. 1,150",https://www.encuentra24.com/account/admodify/reactivate/id/31521738/back/delete,True
31521493,Piso Alto San Francisco Bay | Full Amoblado | Vista ESPECTACULAR,Publicado el 24/10/2025,San Francisco,"B/. 1,100",https://www.encuentra24.com/account/admodify/reactivate/id/31521493/back/delete,True
31521799,"Apto Amoblado en Mandarin Bay – San Francisco $1,600",Publicado el 24/10/2025,San Francisco,"B/. 1,600",https://www.encuentra24.com/account/admodify/reactivate/id/31521799/back/delete,True
31521785,"Alquiler – Apto Amoblado en PH Riverside | Costa del Este | $1,900",Publicado el 24/10/2025,Costa del Este,"B/. 1,900",https://www.encuentra24.com/account/admodify/reactivate/id/31521785/back/delete,True
31521773,"Alquiler Amoblado – PH Costa View | Costa del Este | 3 rec | $1,800",Publicado el 24/10/2025,Costa del Este,"B/. 1,800",https://www.encuentra24.com/account/admodify/reactivate/id/31521773/back/delete,True
31521728,Punta Pacífica: Alquiler Oasis on the Bay | Amoblado Vista al Mar $1150,Publicado el 24/10/2025,Punta Pacífica,"B/. 1,150",https://www.encuentra24.com/account/admodify/reactivate/id/31521728/back/delete,True
31521501,Punta Pacífica: Alquiler Oasis on the Bay | Amoblado Vista al Mar $1150,Publicado el 24/10/2025,Punta Pacífica,"B/. 1,150",https://www.encuentra24.com/account/admodify/reactivate/id/31521501/back/delete,True
31521813,"ALQUILER $1,600 | Amplio 180 m² | 2 Rec + CBE | PH Mediterrané Paitilla",Publicado el 24/10/2025,Punta Paitilla,"B/. 1,600",https://www.encuentra24.com/account/admodify/reactivate/id/31521813/back/delete,True
31521506,"Alquiler PH Pacific Sky – Punta Pacífica | 2 rec + CBE | Piso Alto | $1,150",Publicado el 24/10/2025,Punta Pacífica,"B/. 1,150",https://www.encuentra24.com/account/admodify/reactivate/id/31521506/back/delete,True
31521519,"Alquiler PH Pacific Sky – Punta Pacífica | 2 rec + CBE | Piso Alto | $1,100",Publicado el 24/10/2025,Punta Pacífica,"B/. 1,100",https://www.encuentra24.com/account/admodify/reactivate/id/31521519/back/delete,True
31521549,Alquiler – Apto Línea Blanca en PH Red Point | San Francisco | $950,Publicado el 24/10/2025,San Francisco,B/. 950,https://www.encuentra24.com/account/admodify/reactivate/id/31521549/back/delete,True
31521565,"ALQUILER $2,900 NO NEG. | PH Prestige 190 m² | 3R, Den, CBE | Remodelado",Publicado el 24/10/2025,Bella Vista,"B/. 2,900",https://www.encuentra24.com/account/admodify/reactivate/id/31521565/back/delete,True
31521648,"GANGA! Alquiler PH Dupont – Pta Pacífica | Piso Bajo | Sin Linea Blanca | $1,100",Publicado el 24/10/2025,Punta Pacífica,"B/. 1,100",https://www.encuentra24.com/account/admodify/reactivate/id/31521648/back/delete,True
31909927,Alquiler,Publicado el 24/01/2026,Bella Vista,"B/. 1,600",https://www.encuentra24.com/account/admodify/reactivate/id/31909927/back/delete,True
31909849,"Alquiler San Francisco | PH Waterfalls 2 Rec Amoblado – $1,800",Publicado el 24/01/2026,San Francisco,"B/. 1,800",https://www.encuentra24.com/account/admodify/reactivate/id/31909849/back/delete,True
31909861,Alquiler,Publicado el 24/01/2026,Avenida Balboa,"B/. 1,800",https://www.encuentra24.com/account/admodify/reactivate/id/31909861/back/delete,True
31909869,"Alquiler $1,350 | PH Quadrat San Francisco | 100 m² | 1 Recámara | Full Amoblado",Publicado el 24/01/2026,San Francisco,"B/. 1,350",https://www.encuentra24.com/account/admodify/reactivate/id/31909869/back/delete,True
31909873,"Alquiler Amoblado Av Balboa | PH Villa del Mar 2 Rec – $1,450",Publicado el 24/01/2026,Avenida Balboa,"B/. 1,450",https://www.encuentra24.com/account/admodify/reactivate/id/31909873/back/delete,True
31909882,Alquiler,Publicado el 24/01/2026,Punta Pacífica,"B/. 1,450",https://www.encuentra24.com/account/admodify/reactivate/id/31909882/back/delete,True
31909890,"Alquiler Apto Amoblado en PH Nuovo by Armani/Casa | $2,100",Publicado el 24/01/2026,Bella Vista,"B/. 2,100",https://www.encuentra24.com/account/admodify/reactivate/id/31909890/back/delete,True
31909895,"Alquiler $2,500 | Ocean House Santa María | 90 m² Full Amoblado | Lujo Estilo Resort",Publicado el 24/01/2026,Santa María,"B/. 2,500",https://www.encuentra24.com/account/admodify/reactivate/id/31909895/back/delete,True
31909903,Alquiler,Publicado el 24/01/2026,Coco del Mar,"B/. 1,900",https://www.encuentra24.com/account/admodify/reactivate/id/31909903/back/delete,True
31909918,"PH Victory Sport Vista al Mar Amoblado –Lifestyle Deportivo en Coco del Mar  $2,100",Publicado el 24/01/2026,Coco del Mar,"B/. 2,100",https://www.encuentra24.com/account/admodify/reactivate/id/31909918/back/delete,True
31909854,"Alquiler $1,650 | PH Grandbay Avenida Balboa | 102 m² | 2 Rec. | Amueblado con Vista al Mar",Publicado el 24/01/2026,Avenida Balboa,"B/. 1,650",https://www.encuentra24.com/account/admodify/reactivate/id/31909854/back/delete,True
31909877,Alquiler,Publicado el 24/01/2026,San Francisco,"B/. 1,700",https://www.encuentra24.com/account/admodify/reactivate/id/31909877/back/delete,True
31909909,Alquiler,Publicado el 24/01/2026,Bella Vista,"B/. 2,450",https://www.encuentra24.com/account/admodify/reactivate/id/31909909/back/delete,True
31781706,"Alquiler Semi Amoblado $1,300 | PH Loft Four 41 | Piso Alto con Gran Vista",Publicado el 23/12/2025,Punta Pacífica,"B/. 1,300",https://www.encuentra24.com/account/admodify/reactivate/id/31781706/back/delete,True
31516416,"ALQUILER $3,000 | Casa Doral Costa Sur | 4 Rec + Den + Jardín | L. Blanca",Publicado el 23/10/2025,Costa Sur,"B/. 3,000",https://www.encuentra24.com/account/admodify/reactivate/id/31516416/back/delete,True
31516381,"Alquiler $2,500 | Tao Tower San Francisco | 200m² 3R Amoblado",Publicado el 23/10/2025,San Francisco,"B/. 2,500",https://www.encuentra24.com/account/admodify/reactivate/id/31516381/back/delete,True
31516401,"FULL AMOBLADO 215M² 3R+DEN — GREENVIEW SANTA MARÍA $3,500",Publicado el 23/10/2025,Santa María,"B/. 3,500",https://www.encuentra24.com/account/admodify/reactivate/id/31516401/back/delete,True
31516406,"ALQUILER 265M² PISO ALTO 3R | PH MARABIERTO AV. BALBOA $3,000",Publicado el 23/10/2025,Avenida Balboa,"B/. 3,000",https://www.encuentra24.com/account/admodify/reactivate/id/31516406/back/delete,True
31516440,"¡Oportunidad de Alquiler! Apto Amoblado 94 m² PH San Francisco Bay ($1,000)",Publicado el 23/10/2025,San Francisco,"B/. 1,000",https://www.encuentra24.com/account/admodify/reactivate/id/31516440/back/delete,True
31516459,"Alquiler VICTORY SPORT: 88m² | Amenidades TOP $1,800",Publicado el 23/10/2025,Coco del Mar,"B/. 1,800",https://www.encuentra24.com/account/admodify/reactivate/id/31516459/back/delete,True
31516424,"Alquiler PH Oceanaire – Punta Pacífica | 1 rec | Aires Split Inverter | $1,400",Publicado el 23/10/2025,Punta Pacífica,"B/. 1,400",https://www.encuentra24.com/account/admodify/reactivate/id/31516424/back/delete,True
31516391,"Alquiler $1,650 | Oceanaire Punta Pacífica | 116m² Vista al Mar",Publicado el 23/10/2025,Punta Pacífica,"B/. 1,650",https://www.encuentra24.com/account/admodify/reactivate/id/31516391/back/delete,True
31905165,"Alquiler Punta Pacífica | Q Tower Piso Alto Vista Excepcional – $3,500",Publicado el 23/01/2026,Punta Pacífica,"B/. 3,500",https://www.encuentra24.com/account/admodify/reactivate/id/31905165/back/delete,True
31905175,"Alquiler Costa del Este | PH Park Lane Piso Alto Lado A – $3,500",Publicado el 23/01/2026,Costa del Este,"B/. 3,500",https://www.encuentra24.com/account/admodify/reactivate/id/31905175/back/delete,True
31905193,"Alquiler Ocean Reef | Beach Club Residences 2 Rec Frente al Mar – $5,500",Publicado el 23/01/2026,Punta Pacífica,"B/. 5,500",https://www.encuentra24.com/account/admodify/reactivate/id/31905193/back/delete,True
31905234,"Alquiler Coco del Mar | Bahía del Golf, 2 Rec + Balcón – $1,350",Publicado el 23/01/2026,Coco del Mar,"B/. 1,350",https://www.encuentra24.com/account/admodify/reactivate/id/31905234/back/delete,True
31905251,"Alquiler Obarrio | PH Denovo 1 Rec Amoblado – $1,150",Publicado el 23/01/2026,Obarrio,"B/. 1,150",https://www.encuentra24.com/account/admodify/reactivate/id/31905251/back/delete,True
31905218,"Alquiler Amoblado San Francisco | PH Quadrat Terraza 2 Rec – $1,850",Publicado el 23/01/2026,San Francisco,"B/. 1,850",https://www.encuentra24.com/account/admodify/reactivate/id/31905218/back/delete,True
31905246,Alquiler,Publicado el 23/01/2026,Avenida Balboa,"B/. 2,000",https://www.encuentra24.com/account/admodify/reactivate/id/31905246/back/delete,True
31905226,"Alquiler Amoblado Bella Vista | PH Seawaves Terraza Amplia – $1,300",Publicado el 23/01/2026,Bella Vista,"B/. 1,300",https://www.encuentra24.com/account/admodify/reactivate/id/31905226/back/delete,True
31905206,Alquiler,Publicado el 23/01/2026,Avenida Balboa,"B/. 1,500",https://www.encuentra24.com/account/admodify/reactivate/id/31905206/back/delete,True
31905182,"Alquiler Amoblado Pta Pacífica | PH Oceanaire Vista al Mar – $2,750",Publicado el 23/01/2026,Punta Pacífica,"B/. 2,750",https://www.encuentra24.com/account/admodify/reactivate/id/31905182/back/delete,True
31905142,"Alquiler $1,550 | PH Oceanaire Punta Pacífica | 115 m² | 1 R Amoblado",Publicado el 23/01/2026,Punta Pacífica,"B/. 1,550",https://www.encuentra24.com/account/admodify/reactivate/id/31905142/back/delete,True
31905152,"Alquiler Amoblado en Pta Pacífica | PH Ocean Drive 3 Rec Vista al Mar – $2,000",Publicado el 23/01/2026,Punta Pacífica,"B/. 2,000",https://www.encuentra24.com/account/admodify/reactivate/id/31905152/back/delete,True
31778368,"Alquiler $1,700 | Local Comercial 115 m² | Vía Veneto, El Cangrejo | Máxima Visibilidad",Publicado el 22/12/2025,El Cangrejo,"B/. 1,700",https://www.encuentra24.com/account/admodify/reactivate/id/31778368/back/delete,True
31510273,"¡INCREÍBLE OFERTA! GREENBAY 115m² | 3R Amoblado | Costa del Este $1,250",Publicado el 22/10/2025,Costa del Este,"B/. 1,250",https://www.encuentra24.com/account/admodify/reactivate/id/31510273/back/delete,True
31510257,"Alquiler $3,500 | Mirador del Este Costa del Este | 200m² 3R Amoblado",Publicado el 22/10/2025,Costa del Este,"B/. 3,500",https://www.encuentra24.com/account/admodify/reactivate/id/31510257/back/delete,True
31510365,"Alquiler – Apto en PH Pacific View | Punta Pacífica | $2,800",Publicado el 22/10/2025,Punta Pacífica,"B/. 2,800",https://www.encuentra24.com/account/admodify/reactivate/id/31510365/back/delete,True
31510328,"Alquiler $3,600 | Aquamare Punta Pacífica | 356m² 3R Family Room",Publicado el 22/10/2025,Punta Pacífica,"B/. 3,600",https://www.encuentra24.com/account/admodify/reactivate/id/31510328/back/delete,True
31510382,PUNTA PACÍFICA: Q Tower 308m² | Full Amoblado Vista Mar,Publicado el 22/10/2025,Punta Pacífica,"B/. 3,200",https://www.encuentra24.com/account/admodify/reactivate/id/31510382/back/delete,True
31510358,"Alquiler PH Moon Tower – Coco del Mar | 2 recámaras | $1,350",Publicado el 22/10/2025,Coco del Mar,"B/. 1,350",https://www.encuentra24.com/account/admodify/reactivate/id/31510358/back/delete,True
31510377,"Alquiler Amoblado en PH Destiny – Av Balboa | Vista al Mar | 2 rec | $1,650",Publicado el 22/10/2025,Avenida Balboa,"B/. 1,650",https://www.encuentra24.com/account/admodify/reactivate/id/31510377/back/delete,True
31899902,"Alquiler Apto Semi Amoblado en PH Sunrise | Obarrio – $1,550",Publicado el 22/01/2026,Obarrio,"B/. 1,550",https://www.encuentra24.com/account/admodify/reactivate/id/31899902/back/delete,True
31896906,"Alquiler PH Vertikal | Costa del Este | 170m² | 4 Rec | $3,000",Publicado el 22/01/2026,Costa del Este,"B/. 3,000",https://www.encuentra24.com/account/admodify/reactivate/id/31896906/back/delete,True
31896915,"Alquiler $3,200 | PH Victory Sport Coco del Mar | 150 m² | 3 Rec. + Estudio | Full Equipado",Publicado el 22/01/2026,Coco del Mar,"B/. 3,200",https://www.encuentra24.com/account/admodify/reactivate/id/31896915/back/delete,True
31896939,"Alquiler San Francisco | PH The View 3 Rec + Den – $2,000",Publicado el 22/01/2026,San Francisco,"B/. 2,000",https://www.encuentra24.com/account/admodify/reactivate/id/31896939/back/delete,True
31896948,"Alquiler Amoblado Costa del Este | PH MAUI Remodelado 3 Rec – $2,700",Publicado el 22/01/2026,Costa del Este,"B/. 2,700",https://www.encuentra24.com/account/admodify/reactivate/id/31896948/back/delete,True
31899891,"PH Oceanaire $1,600 | Amueblado | Piso Súper Alto | Cliente Directo Sin Intermediarios",Publicado el 22/01/2026,Punta Pacífica,"B/. 1,600",https://www.encuentra24.com/account/admodify/reactivate/id/31899891/back/delete,True
31899977,Se Alquila,Publicado el 22/01/2026,Avenida Balboa,"B/. 1,200",https://www.encuentra24.com/account/admodify/reactivate/id/31899977/back/delete,True
31899949,Alquiler en Ph Náutica Coco del Mar 148 m² 2R 2B Amoblado $1900,Publicado el 22/01/2026,Coco del Mar,"B/. 1,900",https://www.encuentra24.com/account/admodify/reactivate/id/31899949/back/delete,True
31900000,"Alquiler en  PH Ocean Drive 3 Rec Vista al Mar  | Punta Pacífica – $2,000",Publicado el 22/01/2026,Punta Pacífica,"B/. 2,000",https://www.encuentra24.com/account/admodify/reactivate/id/31900000/back/delete,True
31900027,"Alquiler Amoblado Vitro Loft – El Cangrejo | 100m² | 1 rec | $1,150",Publicado el 22/01/2026,El Cangrejo,"B/. 1,150",https://www.encuentra24.com/account/admodify/reactivate/id/31900027/back/delete,True
31900046,"Alquiler Amoblado en Costa del Este | PH Mirador del Este 3 Rec – $3,100",Publicado el 22/01/2026,Costa del Este,"B/. 3,100",https://www.encuentra24.com/account/admodify/reactivate/id/31900046/back/delete,True
31900056,"Alquiler El Cangrejo | PH Vitro Loft Amoblado – $1,400 Neg.",Publicado el 22/01/2026,El Cangrejo,"B/. 1,400",https://www.encuentra24.com/account/admodify/reactivate/id/31900056/back/delete,True
31900478,"Alquiler $2,100 | Amoblado y Listo | The Regent CDE | 95 m² | Casa Club Lujo",Publicado el 22/01/2026,Costa del Este,"B/. 2,100",https://www.encuentra24.com/account/admodify/reactivate/id/31900478/back/delete,True
31900272,"Alquiler Amoblado en Punta Pacífica | PH Dupont Tower – $2,350",Publicado el 22/01/2026,Punta Pacífica,"B/. 2,350",https://www.encuentra24.com/account/admodify/reactivate/id/31900272/back/delete,True
31896925,"¡CLUB PRIVADO EN CASA! PH Country Club CDE $3,000 | 205M² VISTA AL MAR",Publicado el 22/01/2026,Punta Pacífica,"B/. 3,000",https://www.encuentra24.com/account/admodify/reactivate/id/31896925/back/delete,True
31900285,"Alquiler Costa del Este | PH Mirador del Este Vista al Mar – $2,700",Publicado el 22/01/2026,Costa del Este,"B/. 2,700",https://www.encuentra24.com/account/admodify/reactivate/id/31900285/back/delete,True
31900251,"Alquiler Costa del Este | PH Aria Vista al Mar – $6,000",Publicado el 22/01/2026,Costa del Este,"B/. 6,000",https://www.encuentra24.com/account/admodify/reactivate/id/31900251/back/delete,True
31899936,"Alquiler Costa del Este | PH Riverside Línea Blanca  – $1,700 No Neg.",Publicado el 22/01/2026,Costa del Este,"B/. 1,700",https://www.encuentra24.com/account/admodify/reactivate/id/31899936/back/delete,True
31899918,"Alquiler $2,000 No Neg. | PH Oceanaire Pta Pacífica | 175 m² | Vista Total al Mar",Publicado el 22/01/2026,Punta Pacífica,"B/. 2,000",https://www.encuentra24.com/account/admodify/reactivate/id/31899918/back/delete,True
31900259,"Alquiler Costa del Este | PH Sevilla – $2,000",Publicado el 22/01/2026,Costa del Este,"B/. 2,000",https://www.encuentra24.com/account/admodify/reactivate/id/31900259/back/delete,True
31894818,"Alquiler $1,350 | PH Quadrat San Francisco | 100 m² | 1 Recámara | Full Amoblado",Publicado el 21/01/2026,San Francisco,"B/. 1,350",https://www.encuentra24.com/account/admodify/reactivate/id/31894818/back/delete,True
31895097,Alquiler,Publicado el 21/01/2026,Costa del Este,"B/. 2,000",https://www.encuentra24.com/account/admodify/reactivate/id/31895097/back/delete,True
31895091,"Alquiler Apto Semi Amoblado en PH Sunrise | Obarrio – $1,550",Publicado el 21/01/2026,Obarrio,"B/. 1,550",https://www.encuentra24.com/account/admodify/reactivate/id/31895091/back/delete,True
31895082,"Alquiler Apto Amoblado en PH Nuovo by Armani/Casa | $2,100",Publicado el 21/01/2026,Bella Vista,"B/. 2,100",https://www.encuentra24.com/account/admodify/reactivate/id/31895082/back/delete,True
31895071,"Alquiler Amoblado en Ave Balboa | PH Bayfront Tower Vista al Mar – $1,400",Publicado el 21/01/2026,Avenida Balboa,"B/. 1,400",https://www.encuentra24.com/account/admodify/reactivate/id/31895071/back/delete,True
31895060,"Alquiler San Francisco | PH Waterfalls 2 Rec Amoblado – $1,800",Publicado el 21/01/2026,San Francisco,"B/. 1,800",https://www.encuentra24.com/account/admodify/reactivate/id/31895060/back/delete,True
31895053,"Hermoso Estudio Amoblado en Pta Pacífica | PH Toc Vista al Mar – $1,450",Publicado el 21/01/2026,Punta Pacífica,"B/. 1,450",https://www.encuentra24.com/account/admodify/reactivate/id/31895053/back/delete,True
31894845,"Alquiler Amoblado Av Balboa | PH Villa del Mar 2 Rec – $1,450",Publicado el 21/01/2026,Avenida Balboa,"B/. 1,450",https://www.encuentra24.com/account/admodify/reactivate/id/31894845/back/delete,True
31894831,"PH Oceanaire $1,600 | Amueblado | Piso Súper Alto | Cliente Directo Sin Intermediarios",Publicado el 21/01/2026,Punta Pacífica,"B/. 1,600",https://www.encuentra24.com/account/admodify/reactivate/id/31894831/back/delete,True
31894714,"Alquiler PH Denovo Obarrio | Full Amueblado | Piso Alto | $1,650",Publicado el 21/01/2026,Obarrio,"B/. 1,650",https://www.encuentra24.com/account/admodify/reactivate/id/31894714/back/delete,True
31894805,"Alquiler Amoblado Av Balboa | PH Bayfront 2 Rec Vista al mar – $1,800",Publicado el 21/01/2026,Avenida Balboa,"B/. 1,800",https://www.encuentra24.com/account/admodify/reactivate/id/31894805/back/delete,True
31894789,"Alquiler $1,650 | PH Grandbay Avenida Balboa | 102 m² | 2 Rec. | Amueblado con Vista al Mar",Publicado el 21/01/2026,Avenida Balboa,"B/. 1,650",https://www.encuentra24.com/account/admodify/reactivate/id/31894789/back/delete,True
31895044,"Alquiler San Francisco | PH Harmony 2 Rec Linea Blanca – $1,700",Publicado el 21/01/2026,San Francisco,"B/. 1,700",https://www.encuentra24.com/account/admodify/reactivate/id/31895044/back/delete,True
31895156,"Alquiler $2,500 | Ocean House Santa María | 90 m² Full Amoblado | Lujo Estilo Resort",Publicado el 21/01/2026,Santa María,"B/. 2,500",https://www.encuentra24.com/account/admodify/reactivate/id/31895156/back/delete,True
31889081,"Alquiler Coco del Mar | PH Coco Place 2 Rec Amoblado – $1,900",Publicado el 20/01/2026,Coco del Mar,"B/. 1,900",https://www.encuentra24.com/account/admodify/reactivate/id/31889081/back/delete,True
31889060,Alquiler en Ph Náutica Coco del Mar 148 m² 2R 2B Amoblado $1900,Publicado el 20/01/2026,Coco del Mar,"B/. 1,900",https://www.encuentra24.com/account/admodify/reactivate/id/31889060/back/delete,True
31889040,"PH Victory Sport Vista al Mar Amoblado –Lifestyle Deportivo en Coco del Mar  $2,100",Publicado el 20/01/2026,Coco del Mar,"B/. 2,100",https://www.encuentra24.com/account/admodify/reactivate/id/31889040/back/delete,True
31889028,"Alquiler Bella Vista | PH Belle View 3 Rec Amoblado – $1,600",Publicado el 20/01/2026,Bella Vista,"B/. 1,600",https://www.encuentra24.com/account/admodify/reactivate/id/31889028/back/delete,True
31889009,"Alquiler Ave Balboa | PH Element 2 Rec Amoblado Vista al Mar – $1,500",Publicado el 20/01/2026,Avenida Balboa,"B/. 1,500",https://www.encuentra24.com/account/admodify/reactivate/id/31889009/back/delete,True
31888997,"Alquiler Amoblado en Pta Pacífica | PH Ocean Drive 3 Rec Vista al Mar – $2,000",Publicado el 20/01/2026,Punta Pacífica,"B/. 2,000",https://www.encuentra24.com/account/admodify/reactivate/id/31888997/back/delete,True
31888988,"Alquiler $1,550 | PH Oceanaire Punta Pacífica | 115 m² | 1 R Amoblado",Publicado el 20/01/2026,Punta Pacífica,"B/. 1,550",https://www.encuentra24.com/account/admodify/reactivate/id/31888988/back/delete,True
31889249,"Alquiler Costa del Este | PH Riverside Línea Blanca  – $1,700 No Neg.",Publicado el 20/01/2026,Costa del Este,"B/. 1,700",https://www.encuentra24.com/account/admodify/reactivate/id/31889249/back/delete,True
31889068,"Alquiler Bella Vista | PH Costanera 3 Recámaras – $2,450",Publicado el 20/01/2026,Bella Vista,"B/. 2,450",https://www.encuentra24.com/account/admodify/reactivate/id/31889068/back/delete,True
31888971,"Alquiler $2,000 No Neg. | PH Oceanaire Pta Pacífica | 175 m² | Vista Total al Mar",Publicado el 20/01/2026,Punta Pacífica,"B/. 2,000",https://www.encuentra24.com/account/admodify/reactivate/id/31888971/back/delete,True
31885118,"Alquiler Punta Pacífica | Q Tower Piso Alto Vista Excepcional – $3,500",Publicado el 20/01/2026,Punta Pacífica,"B/. 3,500",https://www.encuentra24.com/account/admodify/reactivate/id/31885118/back/delete,True
31884929,"Alquiler Costa del Este | PH Park Lane Piso Alto Lado A – $3,500",Publicado el 20/01/2026,Costa del Este,"B/. 3,500",https://www.encuentra24.com/account/admodify/reactivate/id/31884929/back/delete,True
31882941,"Alquiler Amoblado Avenida Balboa | PH Vista del Mar 1 Rec – $1,500",Publicado el 19/01/2026,Avenida Balboa,"B/. 1,500",https://www.encuentra24.com/account/admodify/reactivate/id/31882941/back/delete,True
31882924,Alquiler,Publicado el 19/01/2026,Punta Pacífica,"B/. 1,300",https://www.encuentra24.com/account/admodify/reactivate/id/31882924/back/delete,True
31882905,"Alquiler en  PH Ocean Drive 3 Rec Vista al Mar  | Punta Pacífica – $2,000",Publicado el 19/01/2026,Punta Pacífica,"B/. 2,000",https://www.encuentra24.com/account/admodify/reactivate/id/31882905/back/delete,True
31882895,"Alquiler Amoblado Bella Vista | PH Seawaves Terraza Amplia – $1,300",Publicado el 19/01/2026,Bella Vista,"B/. 1,300",https://www.encuentra24.com/account/admodify/reactivate/id/31882895/back/delete,True
31882848,"Se Alquila Apto Amoblado en Grandbay Tower – Av. Balboa | $1,200",Publicado el 19/01/2026,Avenida Balboa,"B/. 1,200",https://www.encuentra24.com/account/admodify/reactivate/id/31882848/back/delete,True
31882832,"Alquiler Costa del Este | PH Riverside Línea Blanca  – $1,700 No Neg.",Publicado el 19/01/2026,Costa del Este,"B/. 1,700",https://www.encuentra24.com/account/admodify/reactivate/id/31882832/back/delete,True
31882865,"Alquiler $2,000 No Neg. | PH Oceanaire Pta Pacífica | 175 m² | Vista Total al Mar",Publicado el 19/01/2026,Punta Pacífica,"B/. 2,000",https://www.encuentra24.com/account/admodify/reactivate/id/31882865/back/delete,True
31882881,"Alquiler Coco del Mar | Bahía del Golf, 2 Rec + Balcón – $1,350",Publicado el 19/01/2026,Coco del Mar,"B/. 1,350",https://www.encuentra24.com/account/admodify/reactivate/id/31882881/back/delete,True
31882977,Alquiler,Publicado el 19/01/2026,Costa del Este,"B/. 2,800",https://www.encuentra24.com/account/admodify/reactivate/id/31882977/back/delete,True
31882954,"Alquiler Ocean Reef | Beach Club Residences 2 Rec Frente al Mar – $5,500",Publicado el 19/01/2026,Punta Pacífica,"B/. 5,500",https://www.encuentra24.com/account/admodify/reactivate/id/31882954/back/delete,True
31883062,"Alquiler San Francisco | PH Premium Tower – $1,800",Publicado el 19/01/2026,San Francisco,"B/. 1,800",https://www.encuentra24.com/account/admodify/reactivate/id/31883062/back/delete,True
31882962,"Alquiler Amoblado Pta Pacífica | PH Oceanaire Vista al Mar – $2,750",Publicado el 19/01/2026,Punta Pacífica,"B/. 2,750",https://www.encuentra24.com/account/admodify/reactivate/id/31882962/back/delete,True
31882930,"Alquiler Amoblado San Francisco | PH Quadrat Terraza 2 Rec – $1,850",Publicado el 19/01/2026,San Francisco,"B/. 1,850",https://www.encuentra24.com/account/admodify/reactivate/id/31882930/back/delete,True
31877592,"Alquiler Costa del Este | PH Riverside Línea Blanca  – $1,750 No Neg.",Publicado el 17/01/2026,Costa del Este,"B/. 1,750",https://www.encuentra24.com/account/admodify/reactivate/id/31877592/back/delete,True
31877785,Alquiler,Publicado el 17/01/2026,Parque Lefevre,B/. 800,https://www.encuentra24.com/account/admodify/reactivate/id/31877785/back/delete,True
31877627,"GANGA! $1,500 | Local Comercial 115 m² | Vía Veneto, El Cangrejo | Máxima Visibilidad",Publicado el 17/01/2026,El Cangrejo,"B/. 1,500",https://www.encuentra24.com/account/admodify/reactivate/id/31877627/back/delete,True
31877733,Alquiler,Publicado el 17/01/2026,Versalles,"B/. 1,700",https://www.encuentra24.com/account/admodify/reactivate/id/31877733/back/delete,True
31877747,"Alquiler Obarrio | PH Metric Vía Brasil – $1,200",Publicado el 17/01/2026,Obarrio,"B/. 1,200",https://www.encuentra24.com/account/admodify/reactivate/id/31877747/back/delete,True
31874636,"Alquiler Amoblado en Ave Balboa | PH Bayfront Tower Vista al Mar – $1,400",Publicado el 17/01/2026,Avenida Balboa,"B/. 1,400",https://www.encuentra24.com/account/admodify/reactivate/id/31874636/back/delete,True
31877755,"Alquiler El Cangrejo | PH Vitro Loft Amoblado – $1,400 Neg.",Publicado el 17/01/2026,El Cangrejo,"B/. 1,400",https://www.encuentra24.com/account/admodify/reactivate/id/31877755/back/delete,True
31874652,"Hermoso Estudio Amoblado en Pta Pacífica | PH Toc Vista al Mar – $1,450",Publicado el 17/01/2026,Punta Pacífica,"B/. 1,450",https://www.encuentra24.com/account/admodify/reactivate/id/31874652/back/delete,True
31874663,"Alquiler Amoblado en Pta Pacífica | PH Ocean Drive 3 Rec Vista al Mar – $2,000",Publicado el 17/01/2026,Punta Pacífica,"B/. 2,000",https://www.encuentra24.com/account/admodify/reactivate/id/31874663/back/delete,True
31874820,"Alquiler Apto Amoblado en PH Nuovo by Armani/Casa | $2,100",Publicado el 17/01/2026,Bella Vista,"B/. 2,100",https://www.encuentra24.com/account/admodify/reactivate/id/31874820/back/delete,True
31874880,"Alquiler Apto Semi Amoblado en PH Sunrise | Obarrio – $1,550",Publicado el 17/01/2026,Obarrio,"B/. 1,550",https://www.encuentra24.com/account/admodify/reactivate/id/31874880/back/delete,True
31874928,"Alquiler Costa del Este | PH The Regent 2 Rec Amoblado  – $2,000",Publicado el 17/01/2026,Costa del Este,"B/. 2,000",https://www.encuentra24.com/account/admodify/reactivate/id/31874928/back/delete,True
31877728,"Alquiler PH Denovo Obarrio | Full Amueblado | Piso Alto | $1,650",Publicado el 17/01/2026,Obarrio,"B/. 1,650",https://www.encuentra24.com/account/admodify/reactivate/id/31877728/back/delete,True
31877796,"Ganga $1,600 | PH Allure Avenida Balboa | 98 m² Amoblado | 2 Estacionamientos",Publicado el 17/01/2026,Bella Vista,"B/. 1,600",https://www.encuentra24.com/account/admodify/reactivate/id/31877796/back/delete,True
31877741,"Alquiler $1,650 | PH Grandbay Avenida Balboa | 102 m² | 2 Rec. | Amueblado con Vista al Mar",Publicado el 17/01/2026,Avenida Balboa,"B/. 1,650",https://www.encuentra24.com/account/admodify/reactivate/id/31877741/back/delete,True
31877759,"Alquiler Amoblado en Costa del Este | PH Mirador del Este 3 Rec – $3,100",Publicado el 17/01/2026,Costa del Este,"B/. 3,100",https://www.encuentra24.com/account/admodify/reactivate/id/31877759/back/delete,True
31877766,Alquiler,Publicado el 17/01/2026,San Francisco,"B/. 1,500",https://www.encuentra24.com/account/admodify/reactivate/id/31877766/back/delete,True
31877776,"Alquiler Obarrio | PH Denovo 1 Rec Amoblado – $1,150",Publicado el 17/01/2026,Obarrio,"B/. 1,150",https://www.encuentra24.com/account/admodify/reactivate/id/31877776/back/delete,True
31877781,"Alquiler Amoblado Vitro Loft – El Cangrejo | 100m² | 1 rec | $1,150",Publicado el 17/01/2026,El Cangrejo,"B/. 1,150",https://www.encuentra24.com/account/admodify/reactivate/id/31877781/back/delete,True
31877789,"Alquiler Avenida Balboa | PH Waters 2 Rec Amoblado – $2,000",Publicado el 17/01/2026,Avenida Balboa,"B/. 2,000",https://www.encuentra24.com/account/admodify/reactivate/id/31877789/back/delete,True
31877793,Alquiler,Publicado el 17/01/2026,Edison Park,"B/. 1,150",https://www.encuentra24.com/account/admodify/reactivate/id/31877793/back/delete,True
31873205,"Alquiler Amoblado Av Balboa | PH Villa del Mar 2 Rec – $1,450",Publicado el 16/01/2026,Avenida Balboa,"B/. 1,450",https://www.encuentra24.com/account/admodify/reactivate/id/31873205/back/delete,True
31873223,"Alquiler Amoblado Av Balboa | PH Bayfront 2 Rec Vista al mar – $1,800",Publicado el 16/01/2026,Avenida Balboa,"B/. 1,800",https://www.encuentra24.com/account/admodify/reactivate/id/31873223/back/delete,True
31873198,"PH Oceanaire $1,600 | Amueblado | Piso Súper Alto | Cliente Directo Sin Intermediarios",Publicado el 16/01/2026,Punta Pacífica,"B/. 1,600",https://www.encuentra24.com/account/admodify/reactivate/id/31873198/back/delete,True
31873143,"Alquiler $1,350 | PH Quadrat San Francisco | 100 m² | 1 Recámara | Full Amoblado",Publicado el 16/01/2026,San Francisco,"B/. 1,350",https://www.encuentra24.com/account/admodify/reactivate/id/31873143/back/delete,True
31873235,"Alquiler San Francisco | PH Waterfalls 2 Rec Amoblado – $1,800",Publicado el 16/01/2026,San Francisco,"B/. 1,800",https://www.encuentra24.com/account/admodify/reactivate/id/31873235/back/delete,True
31873133,Alquiler,Publicado el 16/01/2026,San Francisco,"B/. 1,250",https://www.encuentra24.com/account/admodify/reactivate/id/31873133/back/delete,True
31872868,"Se Alquila Apto Amoblado en Grandbay Tower – Av. Balboa | $1,200",Publicado el 16/01/2026,Avenida Balboa,"B/. 1,200",https://www.encuentra24.com/account/admodify/reactivate/id/31872868/back/delete,True
31873103,Alquiler,Publicado el 16/01/2026,Punta Pacífica,"B/. 1,300",https://www.encuentra24.com/account/admodify/reactivate/id/31873103/back/delete,True
31873121,"Alquiler $2,500 | Ocean House Santa María | 90 m² Full Amoblado | Lujo Estilo Resort",Publicado el 16/01/2026,Santa María,"B/. 2,500",https://www.encuentra24.com/account/admodify/reactivate/id/31873121/back/delete,True
31873216,"Alquiler San Francisco | PH Harmony 2 Rec Linea Blanca – $1,700",Publicado el 16/01/2026,San Francisco,"B/. 1,700",https://www.encuentra24.com/account/admodify/reactivate/id/31873216/back/delete,True
31873097,"Alquiler $2,000 No Neg. | PH Oceanaire Pta Pacífica | 175 m² | Vista Total al Mar",Publicado el 16/01/2026,Punta Pacífica,"B/. 2,000",https://www.encuentra24.com/account/admodify/reactivate/id/31873097/back/delete,True
31873111,"Alquiler $1,550 | PH Oceanaire Punta Pacífica | 115 m² | 1 R Amoblado",Publicado el 16/01/2026,Punta Pacífica,"B/. 1,550",https://www.encuentra24.com/account/admodify/reactivate/id/31873111/back/delete,True
31867971,"Alquiler Bella Vista | PH Belle View 3 Rec Amoblado – $1,600",Publicado el 15/01/2026,Bella Vista,"B/. 1,600",https://www.encuentra24.com/account/admodify/reactivate/id/31867971/back/delete,True
31867958,"Alquiler Ave Balboa | PH Element 2 Rec Amoblado Vista al Mar – $1,500",Publicado el 15/01/2026,Avenida Balboa,"B/. 1,500",https://www.encuentra24.com/account/admodify/reactivate/id/31867958/back/delete,True
31867910,"Alquiler Coco del Mar | Bahía del Golf, 2 Rec + Balcón – $1,350",Publicado el 15/01/2026,Coco del Mar,"B/. 1,350",https://www.encuentra24.com/account/admodify/reactivate/id/31867910/back/delete,True
31867890,"Alquiler Semi Amoblado $1,300 | PH Loft Four 41 | Piso Alto con Gran Vista",Publicado el 15/01/2026,Punta Pacífica,"B/. 1,300",https://www.encuentra24.com/account/admodify/reactivate/id/31867890/back/delete,True
31864343,Alquiler,Publicado el 15/01/2026,Costa del Este,"B/. 1,800",https://www.encuentra24.com/account/admodify/reactivate/id/31864343/back/delete,True
31867987,"PH Victory Sport Vista al Mar Amoblado –Lifestyle Deportivo en Coco del Mar  $2,100",Publicado el 15/01/2026,Coco del Mar,"B/. 2,100",https://www.encuentra24.com/account/admodify/reactivate/id/31867987/back/delete,True
31867925,"Alquiler Amoblado Bella Vista | PH Seawaves Terraza Amplia – $1,300",Publicado el 15/01/2026,Bella Vista,"B/. 1,300",https://www.encuentra24.com/account/admodify/reactivate/id/31867925/back/delete,True
31867949,"Alquiler Coco del Mar | PH Coco Place 2 Rec Amoblado – $1,900",Publicado el 15/01/2026,Coco del Mar,"B/. 1,900",https://www.encuentra24.com/account/admodify/reactivate/id/31867949/back/delete,True
31867937,"Alquiler Amoblado Avenida Balboa | PH Vista del Mar 1 Rec – $1,500",Publicado el 15/01/2026,Avenida Balboa,"B/. 1,500",https://www.encuentra24.com/account/admodify/reactivate/id/31867937/back/delete,True
31868021,"Alquiler Bella Vista | PH Costanera 3 Recámaras – $2,450",Publicado el 15/01/2026,Bella Vista,"B/. 2,450",https://www.encuentra24.com/account/admodify/reactivate/id/31868021/back/delete,True
31867900,"Alquiler Amoblado San Francisco | PH Quadrat Terraza 2 Rec – $1,850",Publicado el 15/01/2026,San Francisco,"B/. 1,850",https://www.encuentra24.com/account/admodify/reactivate/id/31867900/back/delete,True
31867671,"Alquiler en  PH Ocean Drive 3 Rec Vista al Mar  | Punta Pacífica – $2,000",Publicado el 15/01/2026,Punta Pacífica,"B/. 2,000",https://www.encuentra24.com/account/admodify/reactivate/id/31867671/back/delete,True
31867997,Alquiler en Ph Náutica Coco del Mar 148 m² 2R 2B Amoblado $2000,Publicado el 15/01/2026,Coco del Mar,"B/. 2,000",https://www.encuentra24.com/account/admodify/reactivate/id/31867997/back/delete,True
31868008,"Alquiler $2,000 No Neg. | PH Oceanaire Pta Pacífica | 175 m² | Vista Total al Mar",Publicado el 15/01/2026,Punta Pacífica,"B/. 2,000",https://www.encuentra24.com/account/admodify/reactivate/id/31868008/back/delete,True
31862121,"Alquiler San Francisco | PH Roma Tower 2 Rec + CBE – $1,500",Publicado el 14/01/2026,San Francisco,"B/. 1,500",https://www.encuentra24.com/account/admodify/reactivate/id/31862121/back/delete,True
31857913,"Alquiler Obarrio | PH Denovo 1 Rec Amoblado – $1,150",Publicado el 14/01/2026,Obarrio,"B/. 1,150",https://www.encuentra24.com/account/admodify/reactivate/id/31857913/back/delete,True
31862005,"Alquiler Obarrio | PH Metric Vía Brasil – $1,200",Publicado el 14/01/2026,Obarrio,"B/. 1,200",https://www.encuentra24.com/account/admodify/reactivate/id/31862005/back/delete,True
31862069,"Alquiler $1,650 | PH Grandbay Avenida Balboa | 102 m² | 2 Rec. | Amueblado con Vista al Mar",Publicado el 14/01/2026,Avenida Balboa,"B/. 1,650",https://www.encuentra24.com/account/admodify/reactivate/id/31862069/back/delete,True
31862079,"Alquiler PH Denovo Obarrio | Full Amueblado | Piso Alto | $1,650",Publicado el 14/01/2026,Obarrio,"B/. 1,650",https://www.encuentra24.com/account/admodify/reactivate/id/31862079/back/delete,True
31862099,"Alquiler El Cangrejo | PH Vitro Loft Amoblado – $1,400 Neg.",Publicado el 14/01/2026,El Cangrejo,"B/. 1,400",https://www.encuentra24.com/account/admodify/reactivate/id/31862099/back/delete,True
31862113,"Alquiler Amoblado en Costa del Este | PH Mirador del Este 3 Rec – $3,100",Publicado el 14/01/2026,Costa del Este,"B/. 3,100",https://www.encuentra24.com/account/admodify/reactivate/id/31862113/back/delete,True
31862159,Alquiler,Publicado el 14/01/2026,Costa del Este,"B/. 2,000",https://www.encuentra24.com/account/admodify/reactivate/id/31862159/back/delete,True
31862172,"Alquiler $1,550 | PH Oceanaire Punta Pacífica | 115 m² | 1 R Amoblado",Publicado el 14/01/2026,Punta Pacífica,"B/. 1,550",https://www.encuentra24.com/account/admodify/reactivate/id/31862172/back/delete,True
31862194,"Alquiler Amoblado Pta Pacífica | PH Oceanaire Vista al Mar – $2,750",Publicado el 14/01/2026,Punta Pacífica,"B/. 2,750",https://www.encuentra24.com/account/admodify/reactivate/id/31862194/back/delete,True
31862053,"Alquiler Casa en Versalles | 267m² | 4 Rec + Oficina | $1,700",Publicado el 14/01/2026,Versalles,"B/. 1,700",https://www.encuentra24.com/account/admodify/reactivate/id/31862053/back/delete,True
31862211,"Alquiler Ocean Reef | Beach Club Residences 2 Rec Frente al Mar – $5,500",Publicado el 14/01/2026,Punta Pacífica,"B/. 5,500",https://www.encuentra24.com/account/admodify/reactivate/id/31862211/back/delete,True
31862184,"Alquiler Costa del Este | PH Titanium Tower Vista al Parque – $2,800",Publicado el 14/01/2026,Costa del Este,"B/. 2,800",https://www.encuentra24.com/account/admodify/reactivate/id/31862184/back/delete,True
31862149,"Alquiler San Francisco | PH Premium Tower – $1,800",Publicado el 14/01/2026,San Francisco,"B/. 1,800",https://www.encuentra24.com/account/admodify/reactivate/id/31862149/back/delete,True
31862135,"Alquiler Coco del Mar | PH Victory Wellness 2 Rec + Balcón – $1,800",Publicado el 14/01/2026,Coco del Mar,"B/. 1,800",https://www.encuentra24.com/account/admodify/reactivate/id/31862135/back/delete,True
31862090,Alquiler,Publicado el 14/01/2026,San Francisco,"B/. 1,250",https://www.encuentra24.com/account/admodify/reactivate/id/31862090/back/delete,True
31855917,"PH Oceanaire $1,600 | Amueblado | Piso Súper Alto | Cliente Directo Sin Intermediarios",Publicado el 13/01/2026,Punta Pacífica,"B/. 1,600",https://www.encuentra24.com/account/admodify/reactivate/id/31855917/back/delete,True
31855821,"Alquiler $2,500 | Ocean House Santa María | 90 m² Full Amoblado | Lujo Estilo Resort",Publicado el 13/01/2026,Santa María,"B/. 2,500",https://www.encuentra24.com/account/admodify/reactivate/id/31855821/back/delete,True
31855836,"Alquiler Apto Amoblado en San Francisco Ph Famagosta $1,250",Publicado el 13/01/2026,San Francisco,"B/. 1,250",https://www.encuentra24.com/account/admodify/reactivate/id/31855836/back/delete,True
31855847,"Alquiler $1,350 | PH Quadrat San Francisco | 100 m² | 1 Recámara | Full Amoblado",Publicado el 13/01/2026,San Francisco,"B/. 1,350",https://www.encuentra24.com/account/admodify/reactivate/id/31855847/back/delete,True
31855860,"Ganga $1,600 | PH Allure Avenida Balboa | 98 m² Amoblado | 2 Estacionamientos",Publicado el 13/01/2026,Bella Vista,"B/. 1,600",https://www.encuentra24.com/account/admodify/reactivate/id/31855860/back/delete,True
31855876,"Alquiler $1,150 | PH Vivendi Tower Edison Park | 3 R - 2 P | Amoblado",Publicado el 13/01/2026,Edison Park,"B/. 1,150",https://www.encuentra24.com/account/admodify/reactivate/id/31855876/back/delete,True
31855893,"Alquiler Avenida Balboa | PH Waters 2 Rec Amoblado – $2,000",Publicado el 13/01/2026,Avenida Balboa,"B/. 2,000",https://www.encuentra24.com/account/admodify/reactivate/id/31855893/back/delete,True
31855949,Alquiler,Publicado el 13/01/2026,Costa del Este,"B/. 3,700",https://www.encuentra24.com/account/admodify/reactivate/id/31855949/back/delete,True
31855965,"Alquiler Amoblado Vitro Loft – El Cangrejo | 100m² | 1 rec | $1,150",Publicado el 13/01/2026,El Cangrejo,"B/. 1,150",https://www.encuentra24.com/account/admodify/reactivate/id/31855965/back/delete,True
31851866,Alquiler,Publicado el 13/01/2026,Punta Pacífica,"B/. 1,300",https://www.encuentra24.com/account/admodify/reactivate/id/31851866/back/delete,True
31855906,Alquiler,Publicado el 13/01/2026,San Francisco,"B/. 1,100",https://www.encuentra24.com/account/admodify/reactivate/id/31855906/back/delete,True
31855929,¡Oportunidad! Renta $800 | PH Parque Lefevre Sky | Hermosa Vista,Publicado el 13/01/2026,Parque Lefevre,B/. 800,https://www.encuentra24.com/account/admodify/reactivate/id/31855929/back/delete,True
31850314,"Alquiler Coco del Mar | PH Coco Place 2 Rec Amoblado – $1,900",Publicado el 12/01/2026,Coco del Mar,"B/. 1,900",https://www.encuentra24.com/account/admodify/reactivate/id/31850314/back/delete,True
31850370,"Alquiler San Francisco | PH Harmony 2 Rec Linea Blanca – $1,700",Publicado el 12/01/2026,San Francisco,"B/. 1,700",https://www.encuentra24.com/account/admodify/reactivate/id/31850370/back/delete,True
31850258,"Alquiler Coco del Mar | Bahía del Golf, 2 Rec + Balcón – $1,350",Publicado el 12/01/2026,Coco del Mar,"B/. 1,350",https://www.encuentra24.com/account/admodify/reactivate/id/31850258/back/delete,True
31850410,"Alquiler Amoblado en Ave Balboa | PH Bayfront Tower Vista al Mar – $1,400",Publicado el 12/01/2026,Avenida Balboa,"B/. 1,400",https://www.encuentra24.com/account/admodify/reactivate/id/31850410/back/delete,True
31850399,"Hermoso Estudio Amoblado en Pta Pacífica | PH Toc Vista al Mar – $1,450",Publicado el 12/01/2026,Punta Pacífica,"B/. 1,450",https://www.encuentra24.com/account/admodify/reactivate/id/31850399/back/delete,True
31850383,"Alquiler Amoblado Av Balboa | PH Villa del Mar 2 Rec – $1,450",Publicado el 12/01/2026,Avenida Balboa,"B/. 1,450",https://www.encuentra24.com/account/admodify/reactivate/id/31850383/back/delete,True
31850361,"Alquiler Amoblado Av Balboa | PH Bayfront 2 Rec Vista al mar – $1,800",Publicado el 12/01/2026,Avenida Balboa,"B/. 1,800",https://www.encuentra24.com/account/admodify/reactivate/id/31850361/back/delete,True
31850347,"Alquiler San Francisco | PH Waterfalls 2 Rec Amoblado – $1,800",Publicado el 12/01/2026,San Francisco,"B/. 1,800",https://www.encuentra24.com/account/admodify/reactivate/id/31850347/back/delete,True
31850340,"Alquiler Bella Vista | PH Belle View 3 Rec Amoblado – $1,600",Publicado el 12/01/2026,Bella Vista,"B/. 1,600",https://www.encuentra24.com/account/admodify/reactivate/id/31850340/back/delete,True
31850329,"Alquiler Ave Balboa | PH Element 2 Rec Amoblado Vista al Mar – $1,500",Publicado el 12/01/2026,Avenida Balboa,"B/. 1,500",https://www.encuentra24.com/account/admodify/reactivate/id/31850329/back/delete,True
31850297,"Alquiler Amoblado Avenida Balboa | PH Vista del Mar 1 Rec – $1,500",Publicado el 12/01/2026,Avenida Balboa,"B/. 1,500",https://www.encuentra24.com/account/admodify/reactivate/id/31850297/back/delete,True
31850305,"Alquiler Amoblado San Francisco | PH Quadrat Terraza 2 Rec – $1,850",Publicado el 12/01/2026,San Francisco,"B/. 1,850",https://www.encuentra24.com/account/admodify/reactivate/id/31850305/back/delete,True
31850286,Alquiler Obarrio | PH Downtown 1 Rec Amoblado – $975,Publicado el 12/01/2026,Obarrio,B/. 975,https://www.encuentra24.com/account/admodify/reactivate/id/31850286/back/delete,True
31850272,"Alquiler Amoblado Bella Vista | PH Seawaves Terraza Amplia – $1,300",Publicado el 12/01/2026,Bella Vista,"B/. 1,300",https://www.encuentra24.com/account/admodify/reactivate/id/31850272/back/delete,True
31844984,"Alquiler Amoblado Coco del Mar | PH Victory Sport 2Rec Vista al Mar – $2,100",Publicado el 11/01/2026,Coco del Mar,"B/. 2,100",https://www.encuentra24.com/account/admodify/reactivate/id/31844984/back/delete,True
31844939,"Alquiler Amoblado en Pta Pacífica | PH Ocean Drive 3 Rec Vista al Mar – $2,000",Publicado el 11/01/2026,Punta Pacífica,"B/. 2,000",https://www.encuentra24.com/account/admodify/reactivate/id/31844939/back/delete,True
31844937,Alquiler en Ph Náutica Coco del Mar 148 m² 2R 2B Amoblado $2000,Publicado el 11/01/2026,Coco del Mar,"B/. 2,000",https://www.encuentra24.com/account/admodify/reactivate/id/31844937/back/delete,True
31841259,"Alquiler Amoblado Pta Pacífica | PH Oceanaire Vista al Mar – $2,750",Publicado el 10/01/2026,Punta Pacífica,"B/. 2,750",https://www.encuentra24.com/account/admodify/reactivate/id/31841259/back/delete,True
31844302,"Alquiler PH Great City Tower | San Francisco | 89 m² | 2 Rec | $1,250",Publicado el 10/01/2026,San Francisco,"B/. 1,250",https://www.encuentra24.com/account/admodify/reactivate/id/31844302/back/delete,True
31844340,"Alquiler San Francisco | PH Premium Tower – $1,800",Publicado el 10/01/2026,San Francisco,"B/. 1,800",https://www.encuentra24.com/account/admodify/reactivate/id/31844340/back/delete,True
31844347,"Alquiler Coco del Mar | PH Victory Wellness 2 Rec + Balcón – $1,800",Publicado el 10/01/2026,Coco del Mar,"B/. 1,800",https://www.encuentra24.com/account/admodify/reactivate/id/31844347/back/delete,True
31844352,"Alquiler San Francisco | PH Tee One 3 Rec + Vista al Parque Omar – $1,500",Publicado el 10/01/2026,San Francisco,"B/. 1,500",https://www.encuentra24.com/account/admodify/reactivate/id/31844352/back/delete,True
31844367,"Alquiler Bella Vista | PH Costanera 3 Recámaras – $2,450",Publicado el 10/01/2026,Bella Vista,"B/. 2,450",https://www.encuentra24.com/account/admodify/reactivate/id/31844367/back/delete,True
31844930,"Alquiler $2,000 No Neg. | PH Oceanaire Pta Pacífica | 175 m² | Vista Total al Mar",Publicado el 10/01/2026,Punta Pacífica,"B/. 2,000",https://www.encuentra24.com/account/admodify/reactivate/id/31844930/back/delete,True
31844282,"Alquiler Casa en Versalles | 267m² | 4 Rec + Oficina | $1,700",Publicado el 10/01/2026,Costa Sur,"B/. 1,700",https://www.encuentra24.com/account/admodify/reactivate/id/31844282/back/delete,True
31841408,"Alquiler Costa del Este | PH Titanium Tower Vista al Parque – $2,800",Publicado el 10/01/2026,Costa del Este,"B/. 2,800",https://www.encuentra24.com/account/admodify/reactivate/id/31841408/back/delete,True
31844306,"Alquiler El Cangrejo | PH Vitro Loft Amoblado – $1,400 Neg.",Publicado el 10/01/2026,El Cangrejo,"B/. 1,400",https://www.encuentra24.com/account/admodify/reactivate/id/31844306/back/delete,True
31844290,"Alquiler $1,650 | PH Grandbay Avenida Balboa | 102 m² | 2 Rec. | Amueblado con Vista al Mar",Publicado el 10/01/2026,Avenida Balboa,"B/. 1,650",https://www.encuentra24.com/account/admodify/reactivate/id/31844290/back/delete,True
31844294,"Alquiler PH Denovo Obarrio | Full Amueblado | Piso Alto | $1,650",Publicado el 10/01/2026,Obarrio,"B/. 1,650",https://www.encuentra24.com/account/admodify/reactivate/id/31844294/back/delete,True
31841571,"GANGA! $1,500 | Local Comercial 115 m² | Vía Veneto, El Cangrejo | Máxima Visibilidad",Publicado el 10/01/2026,El Cangrejo,"B/. 1,500",https://www.encuentra24.com/account/admodify/reactivate/id/31841571/back/delete,True
31844314,"Alquiler PH Torres de Castilla | 80m² | 2 Rec + Estudio | $1,250",Publicado el 10/01/2026,Vía España,"B/. 1,250",https://www.encuentra24.com/account/admodify/reactivate/id/31844314/back/delete,True
31844323,"Alquiler Amoblado en Costa del Este | PH Mirador del Este 3 Rec – $3,100",Publicado el 10/01/2026,Costa del Este,"B/. 3,100",https://www.encuentra24.com/account/admodify/reactivate/id/31844323/back/delete,True
31844329,"Alquiler San Francisco | PH Roma Tower 2 Rec + CBE – $1,500",Publicado el 10/01/2026,San Francisco,"B/. 1,500",https://www.encuentra24.com/account/admodify/reactivate/id/31844329/back/delete,True
31844335,"Alquiler Obarrio | PH Metric Vía Brasil – $1,200",Publicado el 10/01/2026,Obarrio,"B/. 1,200",https://www.encuentra24.com/account/admodify/reactivate/id/31844335/back/delete,True
31844355,"Alquiler PH Riverside Costa del Este | Amoblado | $2,000",Publicado el 10/01/2026,Costa del Este,"B/. 2,000",https://www.encuentra24.com/account/admodify/reactivate/id/31844355/back/delete,True
31844362,"Alquiler $1,550 | PH Oceanaire Punta Pacífica | 115 m² | 1 R Amoblado",Publicado el 10/01/2026,Punta Pacífica,"B/. 1,550",https://www.encuentra24.com/account/admodify/reactivate/id/31844362/back/delete,True
31841225,"Alquiler Ocean Reef | Beach Club Residences 2 Rec Frente al Mar – $5,500",Publicado el 10/01/2026,Punta Pacífica,"B/. 5,500",https://www.encuentra24.com/account/admodify/reactivate/id/31841225/back/delete,True
31840338,"PH Oceanaire $1,600 | 100 m² Amueblado | Piso Súper Alto | Cliente Directo Sin Intermediarios",Publicado el 09/01/2026,Punta Pacífica,"B/. 1,600",https://www.encuentra24.com/account/admodify/reactivate/id/31840338/back/delete,True
31841099,"Alquiler Costa del Este | Penthouse PH The Regent Amoblado – $3,700",Publicado el 09/01/2026,Costa del Este,"B/. 3,700",https://www.encuentra24.com/account/admodify/reactivate/id/31841099/back/delete,True
31836771,"Alquiler Bella Vista | PH Belle View 3 Rec Amoblado – $1,600",Publicado el 09/01/2026,Bella Vista,"B/. 1,600",https://www.encuentra24.com/account/admodify/reactivate/id/31836771/back/delete,True
31837268,"Alquiler San Francisco | PH Harmony 2 Rec Linea Blanca – $1,700",Publicado el 09/01/2026,San Francisco,"B/. 1,700",https://www.encuentra24.com/account/admodify/reactivate/id/31837268/back/delete,True
31840236,"Alquiler Coco del Mar | Bahía del Golf, 2 Rec + Balcón – $1,350",Publicado el 09/01/2026,Coco del Mar,"B/. 1,350",https://www.encuentra24.com/account/admodify/reactivate/id/31840236/back/delete,True
31840341,Alquiler en PH Firenze San Francisco 80 m² 2R 2B 1P $1100,Publicado el 09/01/2026,San Francisco,"B/. 1,100",https://www.encuentra24.com/account/admodify/reactivate/id/31840341/back/delete,True
31841043,¡Oportunidad! Renta $800 | PH Parque Lefevre Sky | Hermosa Vista,Publicado el 09/01/2026,Parque Lefevre,B/. 800,https://www.encuentra24.com/account/admodify/reactivate/id/31841043/back/delete,True
31836264,Alquiler Obarrio | PH Downtown 1 Rec Amoblado – $975,Publicado el 09/01/2026,Obarrio,B/. 975,https://www.encuentra24.com/account/admodify/reactivate/id/31836264/back/delete,True
31840398,"¡Precio Inmejorable! Alquiler $1,700 | PH Costa Pacífica Pta Pacífica | 144 m² Amoblado",Publicado el 09/01/2026,Punta Pacífica,"B/. 1,700",https://www.encuentra24.com/account/admodify/reactivate/id/31840398/back/delete,True
31836425,"Alquiler Amoblado San Francisco | PH Quadrat Terraza 2 Rec – $1,850",Publicado el 09/01/2026,San Francisco,"B/. 1,850",https://www.encuentra24.com/account/admodify/reactivate/id/31836425/back/delete,True
31836547,"Alquiler Coco del Mar | PH Coco Place 2 Rec Amoblado – $1,900",Publicado el 09/01/2026,Coco del Mar,"B/. 1,900",https://www.encuentra24.com/account/admodify/reactivate/id/31836547/back/delete,True
31836645,"Alquiler Ave Balboa | PH Element 2 Rec Amoblado Vista al Mar – $1,500",Publicado el 09/01/2026,Avenida Balboa,"B/. 1,500",https://www.encuentra24.com/account/admodify/reactivate/id/31836645/back/delete,True
31836312,"Alquiler Amoblado Avenida Balboa | PH Vista del Mar 1 Rec – $1,500",Publicado el 09/01/2026,Avenida Balboa,"B/. 1,500",https://www.encuentra24.com/account/admodify/reactivate/id/31836312/back/delete,True
31837014,"Alquiler San Francisco | PH Waterfalls 2 Rec Amoblado – $1,800",Publicado el 09/01/2026,San Francisco,"B/. 1,800",https://www.encuentra24.com/account/admodify/reactivate/id/31837014/back/delete,True
31840373,"Ganga $1,600 | PH Allure Avenida Balboa | 98 m² Amoblado | 2 Estacionamientos",Publicado el 09/01/2026,Bella Vista,"B/. 1,600",https://www.encuentra24.com/account/admodify/reactivate/id/31840373/back/delete,True
31840244,"Alquiler Amoblado Vitro Loft – El Cangrejo | 100m² | 1 rec | $1,100",Publicado el 09/01/2026,El Cangrejo,"B/. 1,100",https://www.encuentra24.com/account/admodify/reactivate/id/31840244/back/delete,True
31840328,Alquiler $900 | PH Belview Edison Park | 2 Recámaras | Totalmente Amoblado,Publicado el 09/01/2026,Edison Park,B/. 900,https://www.encuentra24.com/account/admodify/reactivate/id/31840328/back/delete,True
31840349,"Alquiler Avenida Balboa | PH Waters 2 Rec Amoblado – $2,000",Publicado el 09/01/2026,Avenida Balboa,"B/. 2,000",https://www.encuentra24.com/account/admodify/reactivate/id/31840349/back/delete,True
31840360,"Alquiler $1,150 | PH Vivendi Tower Edison Park | 3 R - 2 P | Amoblado",Publicado el 09/01/2026,Edison Park,"B/. 1,150",https://www.encuentra24.com/account/admodify/reactivate/id/31840360/back/delete,True
31840395,"Alquiler Apto Amoblado en San Francisco Ph Famagosta $1,250",Publicado el 09/01/2026,San Francisco,"B/. 1,250",https://www.encuentra24.com/account/admodify/reactivate/id/31840395/back/delete,True
31840390,"Alquiler $1,350 | PH Quadrat San Francisco | 100 m² | 1 Recámara | Full Amoblado",Publicado el 09/01/2026,San Francisco,"B/. 1,350",https://www.encuentra24.com/account/admodify/reactivate/id/31840390/back/delete,True
31840380,"Alquiler $2,500 | Ocean House Santa María | 90 m² Full Amoblado | Lujo Estilo Resort",Publicado el 09/01/2026,Santa María,"B/. 2,500",https://www.encuentra24.com/account/admodify/reactivate/id/31840380/back/delete,True
31837167,"Alquiler Amoblado Av Balboa | PH Bayfront 2 Rec Vista al mar – $1,800",Publicado el 09/01/2026,Avenida Balboa,"B/. 1,800",https://www.encuentra24.com/account/admodify/reactivate/id/31837167/back/delete,True
31831537,"Alquiler San Francisco | PH Premium Tower – $1,800",Publicado el 08/01/2026,San Francisco,"B/. 1,800",https://www.encuentra24.com/account/admodify/reactivate/id/31831537/back/delete,True
31831039,"Alquiler Obarrio | PH Metric Vía Brasil – $1,200",Publicado el 08/01/2026,Obarrio,"B/. 1,200",https://www.encuentra24.com/account/admodify/reactivate/id/31831039/back/delete,True
31830796,"Alquiler San Francisco | PH Roma Tower 2 Rec + CBE – $1,500",Publicado el 08/01/2026,San Francisco,"B/. 1,500",https://www.encuentra24.com/account/admodify/reactivate/id/31830796/back/delete,True
31831740,"Alquiler Amoblado en Ave Balboa | PH Bayfront Tower Vista al Mar – $1,400",Publicado el 08/01/2026,Avenida Balboa,"B/. 1,400",https://www.encuentra24.com/account/admodify/reactivate/id/31831740/back/delete,True
31831826,"Hermoso Estudio Amoblado en Pta Pacífica | PH Toc Vista al Mar – $1,450",Publicado el 08/01/2026,Punta Pacífica,"B/. 1,450",https://www.encuentra24.com/account/admodify/reactivate/id/31831826/back/delete,True
31832254,"Alquiler Amoblado Av Balboa | PH Villa del Mar 2 Rec – $1,450",Publicado el 08/01/2026,Avenida Balboa,"B/. 1,450",https://www.encuentra24.com/account/admodify/reactivate/id/31832254/back/delete,True
31836147,"Alquiler Amoblado Bella Vista | PH Seawaves Terraza Amplia – $1,300",Publicado el 08/01/2026,Bella Vista,"B/. 1,300",https://www.encuentra24.com/account/admodify/reactivate/id/31836147/back/delete,True
31829328,"Alquiler PH Great City Tower | San Francisco | 89 m² | 2 Rec | $1,250",Publicado el 07/01/2026,San Francisco,"B/. 1,250",https://www.encuentra24.com/account/admodify/reactivate/id/31829328/back/delete,True
31829233,"Alquiler Casa en Versalles | 267m² | 4 Rec + Oficina | $1,700",Publicado el 07/01/2026,Costa Sur,"B/. 1,700",https://www.encuentra24.com/account/admodify/reactivate/id/31829233/back/delete,True
31829299,Alquiler,Publicado el 07/01/2026,Costa Sur,"B/. 1,700",https://www.encuentra24.com/account/admodify/reactivate/id/31829299/back/delete,True
31829309,"Alquiler $1,650 | PH Grandbay Avenida Balboa | 102 m² | 2 Rec. | Amueblado con Vista al Mar",Publicado el 07/01/2026,Avenida Balboa,"B/. 1,650",https://www.encuentra24.com/account/admodify/reactivate/id/31829309/back/delete,True
31829355,"Alquiler PH Moon Tower | Coco del Mar | 120 m² | Amoblado | $1,450",Publicado el 07/01/2026,Coco del Mar,"B/. 1,450",https://www.encuentra24.com/account/admodify/reactivate/id/31829355/back/delete,True
31829318,"Alquiler PH Denovo Obarrio | Full Amueblado | Piso Alto | $1,650",Publicado el 07/01/2026,Obarrio,"B/. 1,650",https://www.encuentra24.com/account/admodify/reactivate/id/31829318/back/delete,True
31829337,"Alquiler El Cangrejo | PH Vitro Loft Amoblado – $1,400 Neg.",Publicado el 07/01/2026,El Cangrejo,"B/. 1,400",https://www.encuentra24.com/account/admodify/reactivate/id/31829337/back/delete,True
31829344,"Alquiler PH Torres de Castilla | 80m² | 2 Rec + Estudio | $1,250",Publicado el 07/01/2026,Vía España,"B/. 1,250",https://www.encuentra24.com/account/admodify/reactivate/id/31829344/back/delete,True
31824524,Alquiler,Publicado el 06/01/2026,Costa del Este,"B/. 2,600",https://www.encuentra24.com/account/admodify/reactivate/id/31824524/back/delete,True
31824506,Alquiler,Publicado el 06/01/2026,Avenida Balboa,"B/. 1,650",https://www.encuentra24.com/account/admodify/reactivate/id/31824506/back/delete,True
31824534,Alquiler,Publicado el 06/01/2026,Costa del Este,"B/. 2,000",https://www.encuentra24.com/account/admodify/reactivate/id/31824534/back/delete,True
31824554,Alquiler,Publicado el 06/01/2026,Bella Vista,"B/. 2,500",https://www.encuentra24.com/account/admodify/reactivate/id/31824554/back/delete,True
31823780,"Alquiler Coco del Mar | Bahía del Golf, 2 Rec + Balcón – $1,350",Publicado el 06/01/2026,Coco del Mar,"B/. 1,350",https://www.encuentra24.com/account/admodify/reactivate/id/31823780/back/delete,True
31824513,"Alquiler Bella Vista | PH Costanera 3 Recámaras – $2,450",Publicado el 06/01/2026,Avenida Balboa,"B/. 2,450",https://www.encuentra24.com/account/admodify/reactivate/id/31824513/back/delete,True
31824544,Alquiler,Publicado el 06/01/2026,Punta Pacífica,"B/. 2,800",https://www.encuentra24.com/account/admodify/reactivate/id/31824544/back/delete,True
31824560,Alquiler,Publicado el 06/01/2026,San Francisco,"B/. 1,850",https://www.encuentra24.com/account/admodify/reactivate/id/31824560/back/delete,True
31825345,"Alquiler San Francisco | PH Tee One 3 Rec + Vista al Parque Omar – $1,500",Publicado el 06/01/2026,San Francisco,"B/. 1,500",https://www.encuentra24.com/account/admodify/reactivate/id/31825345/back/delete,True
31825396,"Alquiler Coco del Mar | PH Victory Wellness 2 Rec + Balcón – $1,800",Publicado el 06/01/2026,Coco del Mar,"B/. 1,800",https://www.encuentra24.com/account/admodify/reactivate/id/31825396/back/delete,True
31824569,"Alquiler PH Riverside Costa del Este | Amoblado | $2,000",Publicado el 06/01/2026,Costa del Este,"B/. 2,000",https://www.encuentra24.com/account/admodify/reactivate/id/31824569/back/delete,True
31824529,"Alquiler $1,550 | PH Oceanaire Punta Pacífica | 115 m² | 1 R Amoblado",Publicado el 06/01/2026,Punta Pacífica,"B/. 1,550",https://www.encuentra24.com/account/admodify/reactivate/id/31824529/back/delete,True
31824480,Alquiler,Publicado el 06/01/2026,Costa del Este,"B/. 2,100",https://www.encuentra24.com/account/admodify/reactivate/id/31824480/back/delete,True
31824490,Alquiler $900 | PH Belview Edison Park | 2 Recámaras | Totalmente Amoblado,Publicado el 06/01/2026,Edison Park,B/. 900,https://www.encuentra24.com/account/admodify/reactivate/id/31824490/back/delete,True
31824467,Alquiler,Publicado el 06/01/2026,Coco del Mar,"B/. 2,300",https://www.encuentra24.com/account/admodify/reactivate/id/31824467/back/delete,True
31824499,"Alquiler Amoblado Vitro Loft – El Cangrejo | 100m² | 1 rec | $1,100",Publicado el 06/01/2026,El Cangrejo,"B/. 1,100",https://www.encuentra24.com/account/admodify/reactivate/id/31824499/back/delete,True
31818580,Alquiler,Publicado el 05/01/2026,Costa del Este,"B/. 2,950",https://www.encuentra24.com/account/admodify/reactivate/id/31818580/back/delete,True
31818750,Alquiler,Publicado el 05/01/2026,Costa del Este,"B/. 2,500",https://www.encuentra24.com/account/admodify/reactivate/id/31818750/back/delete,True
31818771,"PH Oceanaire $1,600 | 100 m² Amueblado | Piso Súper Alto | Cliente Directo Sin Intermediarios",Publicado el 05/01/2026,Punta Pacífica,"B/. 1,600",https://www.encuentra24.com/account/admodify/reactivate/id/31818771/back/delete,True
31818726,Alquiler en PH Firenze San Francisco 80 m² 2R 2B 1P $1100,Publicado el 05/01/2026,San Francisco,"B/. 1,100",https://www.encuentra24.com/account/admodify/reactivate/id/31818726/back/delete,True
31818628,Alquiler,Publicado el 05/01/2026,Punta Pacífica,"B/. 2,000",https://www.encuentra24.com/account/admodify/reactivate/id/31818628/back/delete,True
31818610,Alquiler,Publicado el 05/01/2026,Coco del Mar,"B/. 1,450",https://www.encuentra24.com/account/admodify/reactivate/id/31818610/back/delete,True
31818677,Alquiler,Publicado el 05/01/2026,Costa Sur,"B/. 2,400",https://www.encuentra24.com/account/admodify/reactivate/id/31818677/back/delete,True
31818706,"Alquiler Semi Amoblado $1,400 | PH Loft Four 41 | Estilo Moderno | Piso Alto con Gran Vista",Publicado el 05/01/2026,Punta Pacífica,"B/. 1,400",https://www.encuentra24.com/account/admodify/reactivate/id/31818706/back/delete,True
31818660,"Alquiler $1,150 | PH Vivendi Tower Edison Park | 3 R - 2 P | Amoblado",Publicado el 05/01/2026,Edison Park,"B/. 1,150",https://www.encuentra24.com/account/admodify/reactivate/id/31818660/back/delete,True
31818641,"Ganga $1,600 | PH Allure Avenida Balboa | 98 m² Amoblado | 2 Estacionamientos",Publicado el 05/01/2026,Bella Vista,"B/. 1,600",https://www.encuentra24.com/account/admodify/reactivate/id/31818641/back/delete,True
31818591,Alquiler,Publicado el 05/01/2026,Coco del Mar,"B/. 2,000",https://www.encuentra24.com/account/admodify/reactivate/id/31818591/back/delete,True
31818570,"Alquiler $2,500 | Ocean House Santa María | 90 m² Full Amoblado | Lujo Estilo Resort",Publicado el 05/01/2026,Santa María,"B/. 2,500",https://www.encuentra24.com/account/admodify/reactivate/id/31818570/back/delete,True
31818566,"Alquiler $1,350 | PH Quadrat San Francisco | 100 m² | 1 Recámara | Full Amoblado",Publicado el 05/01/2026,San Francisco,"B/. 1,350",https://www.encuentra24.com/account/admodify/reactivate/id/31818566/back/delete,True
31814835,"Alquiler Apto Amoblado en San Francisco Ph Famagosta $1,250",Publicado el 04/01/2026,San Francisco,"B/. 1,250",https://www.encuentra24.com/account/admodify/reactivate/id/31814835/back/delete,True
31814772,Alquiler,Publicado el 04/01/2026,Costa del Este,"B/. 2,000",https://www.encuentra24.com/account/admodify/reactivate/id/31814772/back/delete,True
31813890,Alquiler,Publicado el 03/01/2026,Punta Pacífica,"B/. 2,850",https://www.encuentra24.com/account/admodify/reactivate/id/31813890/back/delete,True
31813870,Alquiler,Publicado el 03/01/2026,Punta Pacífica,"B/. 1,400",https://www.encuentra24.com/account/admodify/reactivate/id/31813870/back/delete,True
31811610,"Alquiler en Coco del Mar Náutica 2R / 2B  Vista al mar $1,600",Publicado el 03/01/2026,Coco del Mar,"B/. 1,600",https://www.encuentra24.com/account/admodify/reactivate/id/31811610/back/delete,True
31811640,"Alquiler $2,400 | Casa Unifamiliar Villa Valencia | 388 m2 | 4 R | Costa Sur",Publicado el 03/01/2026,Costa Sur,"B/. 2,400",https://www.encuentra24.com/account/admodify/reactivate/id/31811640/back/delete,True
31811594,"Alquiler $2,950 | PH Castellammare CDE | 290 m² | 3 Rec. | Línea Blanca",Publicado el 03/01/2026,Costa del Este,"B/. 2,950",https://www.encuentra24.com/account/admodify/reactivate/id/31811594/back/delete,True
31811579,"Alquiler $2,850 | PH Pacific Village Pta Pacífica | 270 m² de Lujo | 3 Rec. + CBE",Publicado el 03/01/2026,Punta Pacífica,"B/. 2,850",https://www.encuentra24.com/account/admodify/reactivate/id/31811579/back/delete,True
31811567,Alquiler,Publicado el 03/01/2026,Punta Paitilla,"B/. 1,700",https://www.encuentra24.com/account/admodify/reactivate/id/31811567/back/delete,True
31811482,"Alquiler Semi Amoblado $1,400 | PH Loft Four 41 | Piso Alto con Gran Vista",Publicado el 03/01/2026,Punta Pacífica,"B/. 1,400",https://www.encuentra24.com/account/admodify/reactivate/id/31811482/back/delete,True
31811353,Alquiler,Publicado el 03/01/2026,San Francisco,"B/. 1,150",https://www.encuentra24.com/account/admodify/reactivate/id/31811353/back/delete,True
31811698,"Alquiler $1,300 | PH Vision Tower Coco del Mar | Linea Blanca - A/C Nuevos Inverter",Publicado el 03/01/2026,Coco del Mar,"B/. 1,300",https://www.encuentra24.com/account/admodify/reactivate/id/31811698/back/delete,True
31811619,"Alquiler $2,000 No Neg. | PH Oceanaire Pta Pacífica | A/C Inverter | 175 m² | Vista Total al Mar",Publicado el 03/01/2026,Punta Pacífica,"B/. 2,000",https://www.encuentra24.com/account/admodify/reactivate/id/31811619/back/delete,True
31811712,"Alquiler $2,500 | PH Breeze, Costa del Este | 239 m²",Publicado el 03/01/2026,Costa del Este,"B/. 2,500",https://www.encuentra24.com/account/admodify/reactivate/id/31811712/back/delete,True
31811497,"¡Precio Inmejorable! Alquiler $1,700 | PH Costa Pacífica Pta Pacífica | 144 m² Amoblado",Publicado el 03/01/2026,Punta Pacífica,"B/. 1,700",https://www.encuentra24.com/account/admodify/reactivate/id/31811497/back/delete,True
31811682,Alquiler,Publicado el 03/01/2026,San Francisco,"B/. 1,850",https://www.encuentra24.com/account/admodify/reactivate/id/31811682/back/delete,True
31811667,Alquiler en PH Firenze San Francisco 80 m² 2R 2B 1P $1100,Publicado el 03/01/2026,San Francisco,"B/. 1,100",https://www.encuentra24.com/account/admodify/reactivate/id/31811667/back/delete,True
31813895,Alquiler,Publicado el 03/01/2026,Costa del Este,"B/. 2,000",https://www.encuentra24.com/account/admodify/reactivate/id/31813895/back/delete,True
31813881,Alquiler,Publicado el 03/01/2026,Punta Pacífica,"B/. 1,550",https://www.encuentra24.com/account/admodify/reactivate/id/31813881/back/delete,True
31813877,Alquiler,Publicado el 03/01/2026,Costa del Este,"B/. 2,600",https://www.encuentra24.com/account/admodify/reactivate/id/31813877/back/delete,True
31813865,"Alquiler $1,650 | PH Grandbay Avenida Balboa | 102 m² | 2 Rec. | Amueblado con Vista al Mar",Publicado el 03/01/2026,Avenida Balboa,"B/. 1,650",https://www.encuentra24.com/account/admodify/reactivate/id/31813865/back/delete,True
31813859,"Alquiler Amoblado Vitro Loft – El Cangrejo | 100m² | 1 rec | $1,100",Publicado el 03/01/2026,El Cangrejo,"B/. 1,100",https://www.encuentra24.com/account/admodify/reactivate/id/31813859/back/delete,True
31813857,Alquiler $900 | PH Belview Edison Park | 2 Recámaras | Totalmente Amoblado,Publicado el 03/01/2026,Edison Park,B/. 900,https://www.encuentra24.com/account/admodify/reactivate/id/31813857/back/delete,True
31813852,"Alquiler $2,100 | Amoblado y Listo | The Regent CDE | 95 m² | Casa Club Lujo",Publicado el 03/01/2026,Costa del Este,"B/. 2,100",https://www.encuentra24.com/account/admodify/reactivate/id/31813852/back/delete,True
31813847,"PH Bali Costa del Este $2,300 | 169m² | 3 Recámaras con Baño Privado",Publicado el 03/01/2026,Bella Vista,"B/. 2,300",https://www.encuentra24.com/account/admodify/reactivate/id/31813847/back/delete,True
31813835,"¡Precio Inmejorable! Alquiler $1,700 | PH Costa Pacífica Pta Pacífica | 144 m² Amoblado",Publicado el 03/01/2026,Punta Pacífica,"B/. 1,700",https://www.encuentra24.com/account/admodify/reactivate/id/31813835/back/delete,True
31811719,"Alquiler $2,500 | PH Allure Bella Vista | Frente al Parque Urracá con Vista al Mar",Publicado el 03/01/2026,Bella Vista,"B/. 2,500",https://www.encuentra24.com/account/admodify/reactivate/id/31811719/back/delete,True
31811705,"PH Dovle Coco del Mar | Loft 49m² | Full Amoblado | $1,500",Publicado el 03/01/2026,Coco del Mar,"B/. 1,500",https://www.encuentra24.com/account/admodify/reactivate/id/31811705/back/delete,True
31811693,"PH Oceanaire $1,600 | 100 m² Amueblado | Piso Súper Alto | Cliente Directo Sin Intermediarios",Publicado el 03/01/2026,Punta Pacífica,"B/. 1,600",https://www.encuentra24.com/account/admodify/reactivate/id/31811693/back/delete,True
31811672,"Alquiler PH Riverside Costa del Este | Amoblado | $2,000",Publicado el 03/01/2026,Costa del Este,"B/. 2,000",https://www.encuentra24.com/account/admodify/reactivate/id/31811672/back/delete,True
31811659,"Alquiler Semi Amoblado $1,400 | PH Loft Four 41 | Estilo Moderno | Piso Alto con Gran Vista",Publicado el 03/01/2026,Punta Pacífica,"B/. 1,400",https://www.encuentra24.com/account/admodify/reactivate/id/31811659/back/delete,True
31811647,"Ganga $1,600 | PH Allure Avenida Balboa | 98 m² Amoblado | 2 Estacionamientos",Publicado el 03/01/2026,Bella Vista,"B/. 1,600",https://www.encuentra24.com/account/admodify/reactivate/id/31811647/back/delete,True
31811634,"Alquiler $1,150 | PH Vivendi Tower Edison Park | 3 R - 2 P | Amoblado",Publicado el 03/01/2026,Edison Park,"B/. 1,150",https://www.encuentra24.com/account/admodify/reactivate/id/31811634/back/delete,True
31811624,Alquiler,Publicado el 03/01/2026,Coco del Mar,"B/. 1,550",https://www.encuentra24.com/account/admodify/reactivate/id/31811624/back/delete,True
31811604,Alquiler en Ph Náutica Coco del Mar 148 m² 2R 2B Amoblado $2000,Publicado el 03/01/2026,Coco del Mar,"B/. 2,000",https://www.encuentra24.com/account/admodify/reactivate/id/31811604/back/delete,True
31811590,"Alquiler $2,000 | PH Arcadia | 76 m² Amoblado | Vista Directa al Parque",Publicado el 03/01/2026,Costa del Este,"B/. 2,000",https://www.encuentra24.com/account/admodify/reactivate/id/31811590/back/delete,True
31811573,"PH NUOVO by ARMANI: 105m² Amoblado | 2 Rec + Den | $2,000",Publicado el 03/01/2026,Bella Vista,"B/. 2,000",https://www.encuentra24.com/account/admodify/reactivate/id/31811573/back/delete,True
31811558,"PH Bali Costa del Este $2,300 | 169m² | 3 Recámaras con Baño Privado",Publicado el 03/01/2026,Costa del Este,"B/. 2,300",https://www.encuentra24.com/account/admodify/reactivate/id/31811558/back/delete,True
31811547,"Alquiler $2,100 | Amoblado y Listo | The Regent CDE | 95 m² | Casa Club Lujo",Publicado el 03/01/2026,Costa del Este,"B/. 2,100",https://www.encuentra24.com/account/admodify/reactivate/id/31811547/back/delete,True
31811522,Alquiler $900 | PH Belview Edison Park | 2 Recámaras | Totalmente Amoblado,Publicado el 03/01/2026,Edison Park,B/. 900,https://www.encuentra24.com/account/admodify/reactivate/id/31811522/back/delete,True
31811508,"Alquiler Amoblado Vitro Loft – El Cangrejo | 100m² | 1 rec | $1,100",Publicado el 03/01/2026,El Cangrejo,"B/. 1,100",https://www.encuentra24.com/account/admodify/reactivate/id/31811508/back/delete,True
31811487,"Alquiler $1,650 | PH Grandbay Avenida Balboa | 102 m² | 2 Rec. | Amueblado con Vista al Mar",Publicado el 03/01/2026,Avenida Balboa,"B/. 1,650",https://www.encuentra24.com/account/admodify/reactivate/id/31811487/back/delete,True
31811475,"Alquiler Amoblado $2,600 | PH Country Club CDE | 205 m² | 3 Rec. + Den",Publicado el 03/01/2026,Costa del Este,"B/. 2,600",https://www.encuentra24.com/account/admodify/reactivate/id/31811475/back/delete,True
31811466,"Alquiler $1,550 | PH Oceanaire Punta Pacífica | 115 m² | 1 R Amoblado",Publicado el 03/01/2026,Punta Pacífica,"B/. 1,550",https://www.encuentra24.com/account/admodify/reactivate/id/31811466/back/delete,True
31811375,"Alquiler $2,500 | Ocean House Santa María | 90 m² Full Amoblado | Lujo Estilo Resort",Publicado el 03/01/2026,Santa María,"B/. 2,500",https://www.encuentra24.com/account/admodify/reactivate/id/31811375/back/delete,True
31811367,"Alquiler $1,350 | PH Quadrat San Francisco | 100 m² | 1 Recámara | Full Amoblado",Publicado el 03/01/2026,San Francisco,"B/. 1,350",https://www.encuentra24.com/account/admodify/reactivate/id/31811367/back/delete,True
31813841,Alquiler,Publicado el 03/01/2026,Bella Vista,"B/. 2,000",https://www.encuentra24.com/account/admodify/reactivate/id/31813841/back/delete,True
